record_id,term_en,term_de,term_norm_en,term_norm_de,mention_count
CARDIO_000001,Vitals,Vitalparameter,vitals,vitalparameter,49
CARDIO_000002,Vital Signs,Vitalparameter,vital signs,vitalparameter,15
CARDIO_000003,hr,hr,hr,hr,17
CARDIO_000004,RhythmNext,RhythmNext,rhythmnext,rhythmnext,1
CARDIO_000005,arrhythmias,Arrhythmien,arrhythmias,arrhythmien,9
CARDIO_000006,pad,pad,pad,pad,2
CARDIO_000007,Lisinopril,Lisinopril,lisinopril,lisinopril,3
CARDIO_000008,aspirin,Aspirin,aspirin,aspirin,211
CARDIO_000009,hydrochlorothiazide,Hydrochlorothiazid,hydrochlorothiazide,hydrochlorothiazid,32
CARDIO_000010,losartan,Losartan,losartan,losartan,6
CARDIO_000011,MI,MI,mi,mi,51
CARDIO_000012,Mi,Mi,mi,mi,1
CARDIO_000013,Afib,Vorhofflimmern,afib,vorhofflimmern,9
CARDIO_000014,Rheumatic Heart Disease,Rheumatische Herzerkrankung,rheumatic heart disease,rheumatische herzerkrankung,1
CARDIO_000015,Valvular Heart Disease,Herzklappenerkrankung,valvular heart disease,herzklappenerkrankung,1
CARDIO_000016,MR,Mitralinsuffizienz,mr,mitralinsuffizienz,8
CARDIO_000017,AI,Aorteninsuffizienz,ai,aorteninsuffizienz,2
CARDIO_000018,PHTN,PHTN,phtn,phtn,1
CARDIO_000019,Essential hypertension,Essentielle Hypertonie,essential hypertension,essentielle hypertonie,3
CARDIO_000020,Essential Hypertension,Essentielle Hypertonie,essential hypertension,essentielle hypertonie,1
CARDIO_000021,Coronary artery disease,Koronare Herzkrankheit,coronary artery disease,koronare herzkrankheit,43
CARDIO_000022,Myocardial infarction,Herzinfarkt,myocardial infarction,herzinfarkt,5
CARDIO_000023,Atrial fibrillation,Vorhofflimmern,atrial fibrillation,vorhofflimmern,17
CARDIO_000024,Cardiovascular,Kardiovaskulär,cardiovascular,kardiovaskulär,121
CARDIO_000025,Aortic stenosis,Aortenstenose,aortic stenosis,aortenstenose,4
CARDIO_000026,mitral valve prolapse,Mitralklappenprolaps,mitral valve prolapse,mitralklappenprolaps,7
CARDIO_000027,Amiodarone,Amiodaron,amiodarone,amiodaron,18
CARDIO_000028,Lasix,Lasix,lasix,lasix,233
CARDIO_000029,Lopressor,Lopressor,lopressor,lopressor,106
CARDIO_000030,amiodarone,Amiodaron,amiodarone,amiodaron,55
CARDIO_000031,ATORVASTATIN,ATORVASTATIN,atorvastatin,atorvastatin,2
CARDIO_000032,FUROSEMIDE,FUROSEMID,furosemide,furosemid,12
CARDIO_000033,LASIX,LASIX,lasix,lasix,7
CARDIO_000034,levothyroxine,Levothyroxin,levothyroxine,levothyroxin,28
CARDIO_000035,CARDIOVASCULAR,KARDIOVASKULÄR,cardiovascular,kardiovaskulär,15
CARDIO_000036,Palpitations,Herzklopfen,palpitations,herzklopfen,4
CARDIO_000037,Claudication,Claudicatio,claudication,claudicatio,1
CARDIO_000038,VITALS,Vitalparameter,vitals,vitalparameter,132
CARDIO_000039,Pulse,Puls,pulse,puls,3
CARDIO_000040,Monitor,Monitor,monitor,monitor,22
CARDIO_000041,Pulse Ox,Pulsoximeter,pulse ox,pulsoximeter,3
CARDIO_000042,rhythm,Rhythmus,rhythm,rhythmus,93
CARDIO_000043,systolic ejection murmur,systolisches Ejektionsgeräusch,systolic ejection murmur,systolisches ejektionsgeräusch,5
CARDIO_000044,VS,VS,vs,vs,4
CARDIO_000045,Homocystine,Homocystin,homocystine,homocystin,1
CARDIO_000046,metoprolol,Metoprolol,metoprolol,metoprolol,119
CARDIO_000047,simvastatin,Simvastatin,simvastatin,simvastatin,32
CARDIO_000048,BUTALBITAL / APAP / CAFFEINE,BUTALBITAL / APAP / KOFFEIN,butalbital / apap / caffeine,butalbital / apap / koffein,1
CARDIO_000049,atorvastatin,Atorvastatin,atorvastatin,atorvastatin,8
CARDIO_000050,furosemide,Furosemid,furosemide,furosemid,47
CARDIO_000051,Pulse,Puls,pulse,puls,32
CARDIO_000052,murmurs,Herzgeräusche,murmurs,herzgeräusche,17
CARDIO_000053,Acetylsalicylic acid,Acetylsalicylsäure,acetylsalicylic acid,acetylsalicylsäure,1
CARDIO_000054,Quinidine,Chinidin,quinidine,chinidin,1
CARDIO_000055,Quinine,Chinin,quinine,chinin,4
CARDIO_000056,tachycardic,tachykardisch,tachycardic,tachykardisch,31
CARDIO_000057,EKG,EKG,ekg,ekg,128
CARDIO_000058,sinus tachycardia,Sinustachykardie,sinus tachycardia,sinustachykardie,21
CARDIO_000059,PVCs,PVCs,pvcs,pvcs,4
CARDIO_000060,Cardiac,Kardial,cardiac,kardial,65
CARDIO_000061,coronary heart disease,Koronare Herzkrankheit,coronary heart disease,koronare herzkrankheit,1
CARDIO_000062,CHF,CHF,chf,chf,73
CARDIO_000063,cerebrovascular accident,zerebrovaskuläres Ereignis,cerebrovascular accident,zerebrovaskuläres ereignis,16
CARDIO_000064,CVA,CVA,cva,cva,41
CARDIO_000065,coronary artery disease,Koronare Herzkrankheit,coronary artery disease,koronare herzkrankheit,233
CARDIO_000066,Levothyroxine Sodium,Levothyroxin-Natrium,levothyroxine sodium,levothyroxin-natrium,1
CARDIO_000067,Heart Rate,Herzfrequenz,heart rate,herzfrequenz,3
CARDIO_000068,Physical Exam Constitutional,Körperliche Untersuchung Konstitution,physical exam constitutional,körperliche untersuchung konstitution,1
CARDIO_000069,Transthoracic echocardiogram,Transthorakales Echokardiogramm,transthoracic echocardiogram,transthorakales echokardiogramm,2
CARDIO_000070,LV,LV,lv,lv,36
CARDIO_000071,ECG,ECG,ecg,ecg,15
CARDIO_000072,ischemia,Ischämie,ischemia,ischämie,110
CARDIO_000073,arrhythmia,Arrhythmie,arrhythmia,arrhythmie,27
CARDIO_000074,VPC,VPC,vpc,vpc,1
CARDIO_000075,APC,APC,apc,apc,2
CARDIO_000076,TL-201,TL-201,tl-201,tl-201,1
CARDIO_000077,Moyamoya disease,Moyamoya-Krankheit,moyamoya disease,moyamoya-krankheit,1
CARDIO_000078,lupus,Lupus,lupus,lupus,26
CARDIO_000079,atrophy,Atrophie,atrophy,atrophie,40
CARDIO_000080,caffeine,Koffein,caffeine,koffein,9
CARDIO_000081,small vessel ischemic,kleingefäßische Ischämie,small vessel ischemic,kleingefäßische ischämie,15
CARDIO_000082,arterionephrosclerosis,Arterionephrosklerose,arterionephrosclerosis,arterionephrosklerose,1
CARDIO_000083,HTN,HTN,htn,htn,54
CARDIO_000084,VITAL SIGNS,VITALZEICHEN,vital signs,vitalzeichen,37
CARDIO_000085,Paroxysmal AF,Paroxysmales Vorhofflimmern,paroxysmal af,paroxysmales vorhofflimmern,1
CARDIO_000086,Pacemaker,Herzschrittmacher,pacemaker,herzschrittmacher,1
CARDIO_000087,unipolar configuration,unipolare Konfiguration,unipolar configuration,unipolare konfiguration,1
CARDIO_000088,under - sensing,„under – Sensing“,under - sensing,„under – sensing“,1
CARDIO_000089,AAI,AAI,aai,aai,1
CARDIO_000090,CAD,CAD,cad,cad,53
CARDIO_000091,htn,htn,htn,htn,4
CARDIO_000092,event monitor,Ereignismonitor,event monitor,ereignismonitor,2
CARDIO_000093,ANKRD1 gene,ANKRD1-Gen,ankrd1 gene,ankrd1-gen,1
CARDIO_000094,propranolol,Propranolol,propranolol,propranolol,7
CARDIO_000095,Holter monitor,Holter-Monitor,holter monitor,holter-monitor,9
CARDIO_000096,supraventricular,supraventrikulär,supraventricular,supraventrikulär,8
CARDIO_000097,ventricular ectopy,ventrikuläre Ektopie,ventricular ectopy,ventrikuläre ektopie,1
CARDIO_000098,trimethaphan sulfamethoxazole,Trimethaphan-Sulfamethoxazol,trimethaphan sulfamethoxazole,trimethaphan-sulfamethoxazol,1
CARDIO_000099,antihypertensive agent,Blutdrucksenkendes Mittel,antihypertensive agent,blutdrucksenkendes mittel,2
CARDIO_000100,HCTZ,HCTZ,hctz,hctz,3
CARDIO_000101,Toprol,Toprol,toprol,toprol,18
CARDIO_000102,bradycardia,Bradykardie,bradycardia,bradykardie,55
CARDIO_000103,Hyperthyroidism,Hyperthyreose,hyperthyroidism,hyperthyreose,2
CARDIO_000104,ApoA-1,ApoA-1,apoa-1,apoa-1,1
CARDIO_000105,Aspirin,Aspirin,aspirin,aspirin,35
CARDIO_000106,atenolol,Atenolol,atenolol,atenolol,50
CARDIO_000107,ascending aorta,aufsteigende Aorta,ascending aorta,aufsteigende aorta,17
CARDIO_000108,stenting,Stentimplantation,stenting,stentimplantation,30
CARDIO_000109,carotid,Halsschlagader,carotid,halsschlagader,110
CARDIO_000110,vt,vt,vt,vt,2
CARDIO_000111,tachycardia,Tachykardie,tachycardia,tachykardie,83
CARDIO_000112,beta-blockade,Beta-Blockade,beta-blockade,beta-blockade,2
CARDIO_000113,hypotension,Hypotonie,hypotension,hypotonie,86
CARDIO_000114,mitral regurgitation,Mitralklappeninsuffizienz,mitral regurgitation,mitralklappeninsuffizienz,47
CARDIO_000115,regurgitant fraction,Regurgitationsfraktion,regurgitant fraction,regurgitationsfraktion,1
CARDIO_000116,hypertension,Hypertonie,hypertension,hypertonie,394
CARDIO_000117,captopril,Captopril,captopril,captopril,9
CARDIO_000118,VASOVAGAL,VASOVAGAL,vasovagal,vasovagal,1
CARDIO_000119,asa,asa,asa,asa,6
CARDIO_000120,TROPONIN,TROPONIN,troponin,troponin,1
CARDIO_000121,Enfamil AR,Enfamil AR,enfamil ar,enfamil ar,2
CARDIO_000122,Leriche syndrome,Leriche-Syndrom,leriche syndrome,leriche-syndrom,1
CARDIO_000123,guiding catheter,Führungskatheter,guiding catheter,führungskatheter,2
CARDIO_000124,cardiac,kardial,cardiac,kardial,280
CARDIO_000125,celiac,Truncus coeliacus,celiac,truncus coeliacus,3
CARDIO_000126,septum,Septum,septum,septum,46
CARDIO_000127,aneurysm,Aneurysma,aneurysm,aneurysma,47
CARDIO_000128,abdominal aorta,Bauchaorta,abdominal aorta,bauchaorta,20
CARDIO_000129,CABG,CABG,cabg,cabg,41
CARDIO_000130,ventricular,ventrikulär,ventricular,ventrikulär,139
CARDIO_000131,diastolic,diastolisch,diastolic,diastolisch,25
CARDIO_000132,Bernheim effect,Bernheim-Effekt,bernheim effect,bernheim-effekt,1
CARDIO_000133,pulmonary vein,Lungenvene,pulmonary vein,lungenvene,12
CARDIO_000134,axial,axial,axial,axial,13
CARDIO_000135,aneurysms,Aneurysmen,aneurysms,aneurysmen,5
CARDIO_000136,murmur,Herzgeräusch,murmur,herzgeräusch,99
CARDIO_000137,mitral valve replacement,Mitralklappenersatz,mitral valve replacement,mitralklappenersatz,15
CARDIO_000138,NG,NG,ng,ng,2
CARDIO_000139,thoracic outlet,Thoracic-Outlet-Syndrom,thoracic outlet,thoracic-outlet-syndrom,2
CARDIO_000140,wedge,Keil,wedge,keil,13
CARDIO_000141,CO,CO,co,co,8
CARDIO_000142,renal artery,Nierenarterie,renal artery,nierenarterie,40
CARDIO_000143,PTCA,PTCA,ptca,ptca,10
CARDIO_000144,OM2,OM2,om2,om2,1
CARDIO_000145,LAD,LAD,lad,lad,46
CARDIO_000146,D1,D1,d1,d1,1
CARDIO_000147,Culotte,Culotte,culotte,culotte,1
CARDIO_000148,DES,DES,des,des,1
CARDIO_000149,St depressin,ST-Senkung,st depressin,st-senkung,1
CARDIO_000150,lopressor,Lopressor,lopressor,lopressor,23
CARDIO_000151,echocardiogram,Echokardiogramm,echocardiogram,echokardiogramm,80
CARDIO_000152,monitoring,Überwachung,monitoring,überwachung,71
CARDIO_000153,lasix,Lasix,lasix,lasix,65
CARDIO_000154,SVGs,SVGs,svgs,svgs,1
CARDIO_000155,OM,OM,om,om,4
CARDIO_000156,oligohydramnios,Oligohydramnion,oligohydramnios,oligohydramnion,2
CARDIO_000157,diltiazem,Diltiazem,diltiazem,diltiazem,39
CARDIO_000158,monitor,überwachen,monitor,überwachen,135
CARDIO_000159,NIBP,NIBP,nibp,nibp,1
CARDIO_000160,bradya,Bradykardie,bradya,bradykardie,1
CARDIO_000161,percutaneous transluminal coronary angioplasty,perkutane transluminale Koronarangioplastie,percutaneous transluminal coronary angioplasty,perkutane transluminale koronarangioplastie,7
CARDIO_000162,hemodynamics,Hämodynamik,hemodynamics,hämodynamik,8
CARDIO_000163,MAP,MAP,map,map,4
CARDIO_000164,prop,prop,prop,prop,2
CARDIO_000165,RHC,RHC,rhc,rhc,2
CARDIO_000166,Cards,Karten,cards,karten,7
CARDIO_000167,troponin,Troponin,troponin,troponin,71
CARDIO_000168,ETT,ETT,ett,ett,10
CARDIO_000169,echo,Echokardiographie,echo,echokardiographie,27
CARDIO_000170,double inlet single left ventricle,"Doppelte Einlassöffnung, einzelner linker Ventrikel",double inlet single left ventricle,"doppelte einlassöffnung, einzelner linker ventrikel",1
CARDIO_000171,aortic arch,Aortenbogen,aortic arch,aortenbogen,33
CARDIO_000172,AV,AV,av,av,1
CARDIO_000173,restenosis,Restenose,restenosis,restenose,5
CARDIO_000174,qtc,qtc,qtc,qtc,1
CARDIO_000175,central line,Zentralvenenkatheter,central line,zentralvenenkatheter,28
CARDIO_000176,AVR,AVR,avr,avr,8
CARDIO_000177,IABP,IABP,iabp,iabp,8
CARDIO_000178,chf,chf,chf,chf,2
CARDIO_000179,PULSES,PULSE,pulses,pulse,2
CARDIO_000180,NQMI,NQMI,nqmi,nqmi,1
CARDIO_000181,EF,EF,ef,ef,30
CARDIO_000182,av paced,AV-gesteuert,av paced,av-gesteuert,1
CARDIO_000183,TNL,TNL,tnl,tnl,1
CARDIO_000184,carotid sinus,Karotissinus,carotid sinus,karotissinus,2
CARDIO_000185,vasovagal,vasovagal,vasovagal,vasovagal,10
CARDIO_000186,cad,cad,cad,cad,3
CARDIO_000187,carbomedica,Carbomedica,carbomedica,carbomedica,1
CARDIO_000188,PGJ,PGJ,pgj,pgj,1
CARDIO_000189,OSA,OSA,osa,osa,16
CARDIO_000190,Pseudoaneurysm,Pseudoaneurysma,pseudoaneurysm,pseudoaneurysma,2
CARDIO_000191,aortic root,Aortenwurzel,aortic root,aortenwurzel,13
CARDIO_000192,digoxin,Digoxin,digoxin,digoxin,50
CARDIO_000193,pressors,Blutdrucksteigerer,pressors,blutdrucksteigerer,3
CARDIO_000194,HYPERTENSION,HYPERTENSION,hypertension,hypertension,13
CARDIO_000195,PACED,PACED,paced,paced,1
CARDIO_000196,PVC,PVC,pvc,pvc,7
CARDIO_000197,anteroseptal,anteroseptal,anteroseptal,anteroseptal,10
CARDIO_000198,myocardial infarction,Herzinfarkt,myocardial infarction,herzinfarkt,50
CARDIO_000199,TTE,TTE,tte,tte,15
CARDIO_000200,aortic vegetations,Aortenvegetationen,aortic vegetations,aortenvegetationen,1
CARDIO_000201,aortic,aortisch,aortic,aortisch,108
CARDIO_000202,cordis,cordis,cordis,cordis,3
CARDIO_000203,biventricular,biventrikulär,biventricular,biventrikulär,4
CARDIO_000204,systolic,systolisch,systolic,systolisch,5
CARDIO_000205,milranone,Milranon,milranone,milranon,1
CARDIO_000206,PXE,PXE,pxe,pxe,1
CARDIO_000207,pseudoxanthoma elasticum,Pseudoxanthoma elasticum,pseudoxanthoma elasticum,pseudoxanthoma elasticum,1
CARDIO_000208,cholesterol,Cholesterin,cholesterol,cholesterin,42
CARDIO_000209,MONITOR,MONITOR,monitor,monitor,8
CARDIO_000210,Hypotension,Hypotonie,hypotension,hypotonie,6
CARDIO_000211,QCT interval,QCT-Intervall,qct interval,qct-intervall,1
CARDIO_000212,ectopy,Ektopie,ectopy,ektopie,11
CARDIO_000213,propac,Propac,propac,propac,1
CARDIO_000214,right atrium,Rechter Vorhof,right atrium,rechter vorhof,14
CARDIO_000215,midazolam,Midazolam,midazolam,midazolam,4
CARDIO_000216,DVI,DVI,dvi,dvi,1
CARDIO_000217,Heart block,Herzblock,heart block,herzblock,1
CARDIO_000218,CHB,CHB,chb,chb,2
CARDIO_000219,cath lab,Katheterlabor,cath lab,katheterlabor,1
CARDIO_000220,PEA,PEA,pea,pea,4
CARDIO_000221,arrest,Herzstillstand,arrest,herzstillstand,38
CARDIO_000222,palpitations,Herzklopfen,palpitations,herzklopfen,26
CARDIO_000223,ICD,ICD,icd,icd,17
CARDIO_000224,OSAS,OSAS,osas,osas,1
CARDIO_000225,IMI,IMI,imi,imi,1
CARDIO_000226,ischemic cardiomyopathy,Ischämische Kardiomyopathie,ischemic cardiomyopathy,ischämische kardiomyopathie,35
CARDIO_000227,PA catheter,PA-Katheter,pa catheter,pa-katheter,1
CARDIO_000228,CDP,CDP,cdp,cdp,1
CARDIO_000229,PA,PA,pa,pa,3
CARDIO_000230,pulmonary capillary wedge pressure,pulmonaler Kapillardruck,pulmonary capillary wedge pressure,pulmonaler kapillardruck,1
CARDIO_000231,CK-MB,CK-MB,ck-mb,ck-mb,2
CARDIO_000232,Alagille syndrome,Alagille-Syndrom,alagille syndrome,alagille-syndrom,3
CARDIO_000233,systolic,systolisch,systolic,systolisch,93
CARDIO_000234,Renolazine,Renolazin,renolazine,renolazin,1
CARDIO_000235,MAp,MAp,map,map,1
CARDIO_000236,ischaemia,Ischämie,ischaemia,ischämie,1
CARDIO_000237,mv,mv,mv,mv,1
CARDIO_000238,pvc 's,PVCs,pvc 's,pvcs,1
CARDIO_000239,pulses,Pulse,pulses,pulse,14
CARDIO_000240,MIDAZOLAN,MIDAZOLAN,midazolan,midazolan,1
CARDIO_000241,Timolol,Timolol,timolol,timolol,4
CARDIO_000242,latansoprost,Latansoprost,latansoprost,latansoprost,1
CARDIO_000243,transient,vorübergehend,transient,vorübergehend,12
CARDIO_000244,CPR,CPR,cpr,cpr,20
CARDIO_000245,mr,Mitralinsuffizienz,mr,mitralinsuffizienz,2
CARDIO_000246,cabg,cabg,cabg,cabg,3
CARDIO_000247,mRAP,mRAP,mrap,mrap,1
CARDIO_000248,mPCWP,mPCWP,mpcwp,mpcwp,1
CARDIO_000249,TGA,TGA,tga,tga,1
CARDIO_000250,vs,vs,vs,vs,4
CARDIO_000251,MILRINONE,MILRINON,milrinone,milrinon,1
CARDIO_000252,catheterisation,Katheterisierung,catheterisation,katheterisierung,1
CARDIO_000253,Normetanephrine,Normetanephrin,normetanephrine,normetanephrin,1
CARDIO_000254,toprol,Toprol,toprol,toprol,2
CARDIO_000255,EPOGEN,EPOGEN,epogen,epogen,1
CARDIO_000256,HYDRALAZINE,HYDRALAZIN,hydralazine,hydralazin,2
CARDIO_000257,SPIROLACTONE,SPIROLACTON,spirolactone,spirolacton,1
CARDIO_000258,AMIODARONE,AMIODARON,amiodarone,amiodaron,3
CARDIO_000259,PLAVIX,PLAVIX,plavix,plavix,2
CARDIO_000260,ASA,ASA,asa,asa,29
CARDIO_000261,LOPRESSOR,LOPRESSOR,lopressor,lopressor,4
CARDIO_000262,Diovan,Diovan,diovan,diovan,31
CARDIO_000263,norvasc,Norvasc,norvasc,norvasc,8
CARDIO_000264,hyzar,Hyzar,hyzar,hyzar,1
CARDIO_000265,lisinopril,Lisinopril,lisinopril,lisinopril,65
CARDIO_000266,nadolol,Nadolol,nadolol,nadolol,3
CARDIO_000267,Hydrochlorothiazide,Hydrochlorothiazid,hydrochlorothiazide,hydrochlorothiazid,6
CARDIO_000268,Levothyroxine,Levothyroxin,levothyroxine,levothyroxin,8
CARDIO_000269,Amlodipine,Amlodipin,amlodipine,amlodipin,6
CARDIO_000270,Hyzaar,Hyzaar,hyzaar,hyzaar,2
CARDIO_000271,Norvasc,Norvasc,norvasc,norvasc,72
CARDIO_000272,Plendil,Plendil,plendil,plendil,7
CARDIO_000273,Uroxatral,Uroxatral,uroxatral,uroxatral,4
CARDIO_000274,Diltiazem,Diltiazem,diltiazem,diltiazem,12
CARDIO_000275,Lisinopril,Lisinopril,lisinopril,lisinopril,34
CARDIO_000276,Atenolol,Atenolol,atenolol,atenolol,13
CARDIO_000277,Plavix,Plavix,plavix,plavix,85
CARDIO_000278,Aspiriin,Aspirin,aspiriin,aspirin,1
CARDIO_000279,Trimetazidine,Trimetazidin,trimetazidine,trimetazidin,1
CARDIO_000280,diovan,Diovan,diovan,diovan,5
CARDIO_000281,DILTIAZEM HCL,DILTIAZEM-HCL,diltiazem hcl,diltiazem-hcl,2
CARDIO_000282,Cozaar,Cozaar,cozaar,cozaar,14
CARDIO_000283,Dilacor,Dilacor,dilacor,dilacor,1
CARDIO_000284,Isosorbide,Isosorbid,isosorbide,isosorbid,3
CARDIO_000285,Medical Nutrition Therapy,Medizinische Ernährungstherapie,medical nutrition therapy,medizinische ernährungstherapie,1
CARDIO_000286,decreasing,abnehmend,decreasing,abnehmend,7
CARDIO_000287,Map,Map,map,map,1
CARDIO_000288,MAP,MAP,map,map,9
CARDIO_000289,pnd,pnd,pnd,pnd,1
CARDIO_000290,ejection fraction,Ejektionsfraktion,ejection fraction,ejektionsfraktion,82
CARDIO_000291,Lupus,Lupus,lupus,lupus,3
CARDIO_000292,warfarin,Warfarin,warfarin,warfarin,38
CARDIO_000293,systolic flow-type murmur,systolisches Strömungsgeräusch,systolic flow-type murmur,systolisches strömungsgeräusch,1
CARDIO_000294,Flotrac,Flotrac,flotrac,flotrac,1
CARDIO_000295,PAC,PAC,pac,pac,1
CARDIO_000296,PAC,PAC,pac,pac,3
CARDIO_000297,map,map,map,map,2
CARDIO_000298,atrophied,atrophiert,atrophied,atrophiert,1
CARDIO_000299,para - aortic,para-aortisch,para - aortic,para-aortisch,1
CARDIO_000300,Simvastatin,Simvastatin,simvastatin,simvastatin,10
CARDIO_000301,Nipride,Nipride,nipride,nipride,2
CARDIO_000302,CTEPH,CTEPH,cteph,cteph,1
CARDIO_000303,hemodynamic,hämodynamisch,hemodynamic,hämodynamisch,17
CARDIO_000304,subclavian artery,Arteria subclavia,subclavian artery,arteria subclavia,7
CARDIO_000305,subclavian,Subclavia,subclavian,subclavia,3
CARDIO_000306,valve,Herzklappe,valve,herzklappe,81
CARDIO_000307,Intra-aortic balloon pump,Intraaortale Ballonpumpe,intra-aortic balloon pump,intraaortale ballonpumpe,1
CARDIO_000308,subclavian,Subclavia,subclavian,subclavia,4
CARDIO_000309,descending thoracic aorta,absteigende Brustaorta,descending thoracic aorta,absteigende brustaorta,5
CARDIO_000310,Caffeine,Koffein,caffeine,koffein,1
CARDIO_000311,ST elevations,ST-Hebungen,st elevations,st-hebungen,1
CARDIO_000312,SVT,SVT,svt,svt,6
CARDIO_000313,ST-T wave,ST-T-Welle,st-t wave,st-t-welle,2
CARDIO_000314,Dopamine,Dopamin,dopamine,dopamin,5
CARDIO_000315,CAPROPRIL,CAPROPRIL,capropril,capropril,1
CARDIO_000316,aorta,Aorta,aorta,aorta,127
CARDIO_000317,C3,C3,c3,c3,9
CARDIO_000318,Central cord syndrome,Zentrales Rückenmarkssyndrom,central cord syndrome,zentrales rückenmarkssyndrom,1
CARDIO_000319,combined pulmonary fibrosis and emphysema,kombinierte Lungenfibrose und Emphysem,combined pulmonary fibrosis and emphysema,kombinierte lungenfibrose und emphysem,1
CARDIO_000320,endograft,Endograft,endograft,endograft,5
CARDIO_000321,microbubble contrast,Mikrobläschen-Kontrastmittel,microbubble contrast,mikrobläschen-kontrastmittel,1
CARDIO_000322,left ventricle,linker Ventrikel,left ventricle,linker ventrikel,32
CARDIO_000323,Bartter syndrome,Bartter-Syndrom,bartter syndrome,bartter-syndrom,1
CARDIO_000324,Hypertension,Hypertonie,hypertension,hypertonie,33
CARDIO_000325,germinal matrix haemorrhages,Blutungen in der Keimschicht,germinal matrix haemorrhages,blutungen in der keimschicht,1
CARDIO_000326,beta blockade,Betablockade,beta blockade,betablockade,11
CARDIO_000327,dilta,dilta,dilta,dilta,1
CARDIO_000328,Homocysteinemia,Homocysteinämie,homocysteinemia,homocysteinämie,1
CARDIO_000329,statin,Statin,statin,statin,1
CARDIO_000330,Serotonin,Serotonin,serotonin,serotonin,4
CARDIO_000331,CRT,CRT,crt,crt,1
CARDIO_000332,C2TR01,C2TR01,c2tr01,c2tr01,1
CARDIO_000333,DDD,DDD,ddd,ddd,6
CARDIO_000334,myocardial hibernation,Myokard-Winterschlaf,myocardial hibernation,myokard-winterschlaf,1
CARDIO_000335,stress,Belastung,stress,belastung,14
CARDIO_000336,aortic dissection,Aortendissektion,aortic dissection,aortendissektion,11
CARDIO_000337,Amrinone,Amrinon,amrinone,amrinon,1
CARDIO_000338,congestive heart failure,Herzinsuffizienz,congestive heart failure,herzinsuffizienz,113
CARDIO_000339,hemodynamically stable,hämodynamisch stabil,hemodynamically stable,hämodynamisch stabil,22
CARDIO_000340,angiography,Angiographie,angiography,angiographie,33
CARDIO_000341,nitroglycerin,Nitroglycerin,nitroglycerin,nitroglycerin,52
CARDIO_000342,Trop T,Trop T,trop t,trop t,2
CARDIO_000343,muscarinic effects,Muskarinische Wirkungen,muscarinic effects,muskarinische wirkungen,1
CARDIO_000344,SMVT,SMVT,smvt,smvt,1
CARDIO_000345,sinus rhythm,Sinusrhythmus,sinus rhythm,sinusrhythmus,90
CARDIO_000346,systolics,systolisch,systolics,systolisch,5
CARDIO_000347,HydrALAzin,HydrALAzin,hydralazin,hydralazin,1
CARDIO_000348,homocystine,Homocystin,homocystine,homocystin,2
CARDIO_000349,Carotid,Halsschlagader,carotid,halsschlagader,10
CARDIO_000350,Arterial,Arteriell,arterial,arteriell,40
CARDIO_000351,AV,AV,av,av,13
CARDIO_000352,troponin - T,Troponin-T,troponin - t,troponin-t,1
CARDIO_000353,myocardial,myokardial,myocardial,myokardial,23
CARDIO_000354,milrinone,Milrinon,milrinone,milrinon,23
CARDIO_000355,dobutamine,Dobutamin,dobutamine,dobutamin,22
CARDIO_000356,Catheterization,Katheterisierung,catheterization,katheterisierung,2
CARDIO_000357,left main,linke Hauptarterie,left main,linke hauptarterie,7
CARDIO_000358,heart rate,Herzfrequenz,heart rate,herzfrequenz,88
CARDIO_000359,AV,AV,av,av,3
CARDIO_000360,cardiac enzymes,Herzenzyme,cardiac enzymes,herzenzyme,5
CARDIO_000361,LASIC,LASIC,lasic,lasic,1
CARDIO_000362,LMS,LMS,lms,lms,1
CARDIO_000363,Goal Map,Ziel-MAP,goal map,ziel-map,1
CARDIO_000364,bradycardic,bradykardisch,bradycardic,bradykardisch,2
CARDIO_000365,mitral,Mitralklappe,mitral,mitralklappe,44
CARDIO_000366,OHSS,OHSS,ohss,ohss,1
CARDIO_000367,cozaar,Cozaar,cozaar,cozaar,2
CARDIO_000368,antiarrhythmia drug,Antiarrhythmikum,antiarrhythmia drug,antiarrhythmikum,1
CARDIO_000369,cilostazole,Cilostazol,cilostazole,cilostazol,1
CARDIO_000370,distal pulses,distale Pulse,distal pulses,distale pulse,1
CARDIO_000371,timolol,Timolol,timolol,timolol,3
CARDIO_000372,C1,C1,c1,c1,17
CARDIO_000373,Cardiology,Kardiologie,cardiology,kardiologie,39
CARDIO_000374,Vascular Surgery,Gefäßchirurgie,vascular surgery,gefäßchirurgie,5
CARDIO_000375,preconditioning,Präkonditionierung,preconditioning,präkonditionierung,1
CARDIO_000376,Flolan,Flolan,flolan,flolan,2
CARDIO_000377,Swan-Ganz catheter,Swan-Ganz-Katheter,swan-ganz catheter,swan-ganz-katheter,4
CARDIO_000378,CVP,CVP,cvp,cvp,11
CARDIO_000379,hypertensive,hypertensiv,hypertensive,hypertensiv,27
CARDIO_000380,popliteal pulses,Poplitealpulse,popliteal pulses,poplitealpulse,1
CARDIO_000381,DYS,DYS,dys,dys,1
CARDIO_000382,cerebral hemorrhage,Hirnblutung,cerebral hemorrhage,hirnblutung,1
CARDIO_000383,VS,VS,vs,vs,9
CARDIO_000384,V Paced,V Paced,v paced,v paced,1
CARDIO_000385,ASHD,ASHD,ashd,ashd,1
CARDIO_000386,saturated fats,gesättigte Fette,saturated fats,gesättigte fette,1
CARDIO_000387,treadmill,Laufband,treadmill,laufband,10
CARDIO_000388,C / C / E,C / C / E,c / c / e,c / c / e,2
CARDIO_000389,encephalomalacia,Enzephalomalazie,encephalomalacia,enzephalomalazie,14
CARDIO_000390,territorial infarction,territorialer Infarkt,territorial infarction,territorialer infarkt,2
CARDIO_000391,vascular surgery,Gefäßchirurgie,vascular surgery,gefäßchirurgie,4
CARDIO_000392,CONGESTIVE HEART FAILURE,Herzinsuffizienz,congestive heart failure,herzinsuffizienz,6
CARDIO_000393,ETT,ETT,ett,ett,2
CARDIO_000394,Epi,Epi,epi,epi,2
CARDIO_000395,ETT,ETT,ett,ett,1
CARDIO_000396,T wave alternans,T-Wellen-Alternans,t wave alternans,t-wellen-alternans,1
CARDIO_000397,pulmonary vascular markings,pulmonale Gefäßstrukturen,pulmonary vascular markings,pulmonale gefäßstrukturen,1
CARDIO_000398,NS,NS,ns,ns,2
CARDIO_000399,ST DEPRESSIONS,ST-SENKUNGEN,st depressions,st-senkungen,1
CARDIO_000400,ST depressions,ST-Senkungen,st depressions,st-senkungen,1
CARDIO_000401,Echo,Echo,echo,echo,6
CARDIO_000402,LVEF,LVEF,lvef,lvef,10
CARDIO_000403,LVEF,LVEF,lvef,lvef,10
CARDIO_000404,blood pool images,Bilder des Blutpools,blood pool images,bilder des blutpools,1
CARDIO_000405,rate control,Frequenzkontrolle,rate control,frequenzkontrolle,21
CARDIO_000406,arterial,arteriell,arterial,arteriell,100
CARDIO_000407,epithelial cells,Epithelzellen,epithelial cells,epithelzellen,26
CARDIO_000408,Coreg,Coreg,coreg,coreg,31
CARDIO_000409,CAD,CAD,cad,cad,1
CARDIO_000410,T wave flattening,Abflachung der T-Welle,t wave flattening,abflachung der t-welle,3
CARDIO_000411,AM2,AM2,am2,am2,1
CARDIO_000412,AM3,AM3,am3,am3,1
CARDIO_000413,Diastolic,Diastolisch,diastolic,diastolisch,27
CARDIO_000414,CAC,CAC,cac,cac,1
CARDIO_000415,SVR,SVR,svr,svr,2
CARDIO_000416,marfan syndrome,Marfan-Syndrom,marfan syndrome,marfan-syndrom,1
CARDIO_000417,Labetolol,Labetolol,labetolol,labetolol,3
CARDIO_000418,nibp,nibp,nibp,nibp,1
CARDIO_000419,pitting edema,eindrückbares Ödem,pitting edema,eindrückbares ödem,10
CARDIO_000420,AF,AF,af,af,4
CARDIO_000421,RSR,RSR,rsr,rsr,1
CARDIO_000422,PACs,PACs,pacs,pacs,5
CARDIO_000423,paced,stimulierter,paced,stimulierter,17
CARDIO_000424,VVI,VVI,vvi,vvi,4
CARDIO_000425,vitals,Vitalwerte,vitals,vitalwerte,11
CARDIO_000426,cordis,cordis,cordis,cordis,1
CARDIO_000427,ECTOPY,EKTOPIE,ectopy,ektopie,3
CARDIO_000428,PAC,PAC,pac,pac,1
CARDIO_000429,PVC'S-,PVC'S-,pvc's-,pvc's-,1
CARDIO_000430,PVc,PVc,pvc,pvc,1
CARDIO_000431,QTC,QTC,qtc,qtc,4
CARDIO_000432,clonidine,Clonidin,clonidine,clonidin,35
CARDIO_000433,Csx,Csx,csx,csx,1
CARDIO_000434,EFM,EFM,efm,efm,1
CARDIO_000435,heart failure,Herzinsuffizienz,heart failure,herzinsuffizienz,64
CARDIO_000436,CORONARY,KORONAR,coronary,koronar,12
CARDIO_000437,Coronary,Koronar,coronary,koronar,8
CARDIO_000438,afib,Vorhofflimmern,afib,vorhofflimmern,5
CARDIO_000439,antihypertensives,Blutdrucksenker,antihypertensives,blutdrucksenker,1
CARDIO_000440,beta blocker,Betablocker,beta blocker,betablocker,16
CARDIO_000441,vital signs,Vitalparameter,vital signs,vitalparameter,35
CARDIO_000442,III,III,iii,iii,14
CARDIO_000443,amlodipine,Amlodipin,amlodipine,amlodipin,27
CARDIO_000444,benazapril,Benazepril,benazapril,benazepril,1
CARDIO_000445,flolan,Flolan,flolan,flolan,1
CARDIO_000446,plavix,Plavix,plavix,plavix,8
CARDIO_000447,ecmo,ecmo,ecmo,ecmo,1
CARDIO_000448,hepatopulmonary syndrome,Hepatopulmonales Syndrom,hepatopulmonary syndrome,hepatopulmonales syndrom,1
CARDIO_000449,endothelin receptor antagonist,Endothelin-Rezeptor-Antagonist,endothelin receptor antagonist,endothelin-rezeptor-antagonist,1
CARDIO_000450,pulmonary hypertension,pulmonale Hypertonie,pulmonary hypertension,pulmonale hypertonie,65
CARDIO_000451,RHC,RHC,rhc,rhc,5
CARDIO_000452,pericardial,perikardial,pericardial,perikardial,44
CARDIO_000453,inferior myocardial infarction,inferiorer Myokardinfarkt,inferior myocardial infarction,inferiorer myokardinfarkt,2
CARDIO_000454,splintered complexes,gesplitterte Komplexe,splintered complexes,gesplitterte komplexe,1
CARDIO_000455,microangiopathic,mikroangiopathisch,microangiopathic,mikroangiopathisch,1
CARDIO_000456,ventricular rate,Ventrikelfrequenz,ventricular rate,ventrikelfrequenz,8
CARDIO_000457,embolotherapy,Embolotherapie,embolotherapy,embolotherapie,1
CARDIO_000458,supraventricular tachycardia,supraventrikuläre Tachykardie,supraventricular tachycardia,supraventrikuläre tachykardie,15
CARDIO_000459,lead,Elektrode,lead,elektrode,92
CARDIO_000460,ventricular paced,ventrikulär stimuliert,ventricular paced,ventrikulär stimuliert,1
CARDIO_000461,QRS complexes,QRS-Komplexe,qrs complexes,qrs-komplexe,1
CARDIO_000462,QRS,QRS,qrs,qrs,28
CARDIO_000463,atrial,atrial,atrial,atrial,89
CARDIO_000464,blanking period,Blanking-Periode,blanking period,blanking-periode,1
CARDIO_000465,T wave inversions,T-Wellen-Inversionen,t wave inversions,t-wellen-inversionen,2
CARDIO_000466,V2-V3,V2-V3,v2-v3,v2-v3,1
CARDIO_000467,crack,Crack,crack,crack,15
CARDIO_000468,Co,Co,co,co,2
CARDIO_000469,spironolactone,Spironolacton,spironolactone,spironolacton,8
CARDIO_000470,anasarca,Anasarka,anasarca,anasarka,12
CARDIO_000471,Clonidine,Clonidin,clonidine,clonidin,11
CARDIO_000472,Tachy,Tachy,tachy,tachy,1
CARDIO_000473,costochrondritis,Kostochondritis,costochrondritis,kostochondritis,1
CARDIO_000474,brachiocephalic vein,Vena brachiocephalica,brachiocephalic vein,vena brachiocephalica,6
CARDIO_000475,brachiocephalic,brachiozephal,brachiocephalic,brachiozephal,7
CARDIO_000476,SVC,SVC,svc,svc,17
CARDIO_000477,Cerebrovascular accident,Zerebrovaskulärer Unfall,cerebrovascular accident,zerebrovaskulärer unfall,3
CARDIO_000478,ring,Ring,ring,ring,2
CARDIO_000479,TRV,TRV,trv,trv,1
CARDIO_000480,inotropism,Inotropismus,inotropism,inotropismus,1
CARDIO_000481,3RD DEGREE HEART BLOCK,HERZBLOCK 3. GRADES,3rd degree heart block,herzblock 3. grades,1
CARDIO_000482,NON-ISCHEMIC CARDIOMYOPATHY,NICHT-ISCHÄMISCHE KARDIOMYOPATHIE,non-ischemic cardiomyopathy,nicht-ischämische kardiomyopathie,1
CARDIO_000483,VS,VS,vs,vs,3
CARDIO_000484,VT,VT,vt,vt,8
CARDIO_000485,ARREST,HERZSTILLSTAND,arrest,herzstillstand,4
CARDIO_000486,cordis,cordis,cordis,cordis,1
CARDIO_000487,diagonal,Diagonale,diagonal,diagonale,27
CARDIO_000488,PDA,PDA,pda,pda,4
CARDIO_000489,cardogenic shock,kardiogener Schock,cardogenic shock,kardiogener schock,1
CARDIO_000490,HYDRAZINE,HYDRAZIN,hydrazine,hydrazin,1
CARDIO_000491,Beta-blocker,Betablocker,beta-blocker,betablocker,1
CARDIO_000492,hemodynamically,hämodynamisch,hemodynamically,hämodynamisch,32
CARDIO_000493,midodrin,Midodrin,midodrin,midodrin,1
CARDIO_000494,cardiomyopathy,Kardiomyopathie,cardiomyopathy,kardiomyopathie,17
CARDIO_000495,CARDIAC,KARDIAL,cardiac,kardial,21
CARDIO_000496,AMI,AMI,ami,ami,2
CARDIO_000497,Cardiac enzymes,Herzenzyme,cardiac enzymes,herzenzyme,1
CARDIO_000498,Cardiac Enzymes,Herzenzyme,cardiac enzymes,herzenzyme,1
CARDIO_000499,pacemaker,Herzschrittmacher,pacemaker,herzschrittmacher,3
CARDIO_000500,defibrillator,Defibrillator,defibrillator,defibrillator,26
CARDIO_000501,ventricular,ventrikulär,ventricular,ventrikulär,3
CARDIO_000502,Cardiac catheterization,Herzkatheterisierung,cardiac catheterization,herzkatheterisierung,13
CARDIO_000503,left circumflex artery,linke Circumflex-Arterie,left circumflex artery,linke circumflex-arterie,4
CARDIO_000504,artery,Arterie,artery,arterie,202
CARDIO_000505,CARDIAC CATH,HERZKATHETERISMUS,cardiac cath,herzkatheterismus,1
CARDIO_000506,cardiologist,Kardiologe,cardiologist,kardiologe,22
CARDIO_000507,carotid arteries,Halsschlagadern,carotid arteries,halsschlagadern,18
CARDIO_000508,vss,vss,vss,vss,2
CARDIO_000509,Caduet,Caduet,caduet,caduet,2
CARDIO_000510,Congestive Heart Failure,Herzinsuffizienz,congestive heart failure,herzinsuffizienz,4
CARDIO_000511,etomidate,Etomidat,etomidate,etomidat,12
CARDIO_000512,IVRT,IVRT,ivrt,ivrt,1
CARDIO_000513,aortic stenosis,Aortenstenose,aortic stenosis,aortenstenose,54
CARDIO_000514,valvuloplasty,Valvuloplastie,valvuloplasty,valvuloplastie,5
CARDIO_000515,dCHF,dCHF,dchf,dchf,1
CARDIO_000516,resuscitated,wiederbelebt,resuscitated,wiederbelebt,7
CARDIO_000517,pa,pa,pa,pa,1
CARDIO_000518,ARSA,ARSA,arsa,arsa,1
CARDIO_000519,cardiology,Kardiologie,cardiology,kardiologie,18
CARDIO_000520,BNP,BNP,bnp,bnp,12
CARDIO_000521,Wedge,Wedge,wedge,wedge,1
CARDIO_000522,AFlutter,AFlutter,aflutter,aflutter,1
CARDIO_000523,Balloon angioplasty,Ballonangioplastie,balloon angioplasty,ballonangioplastie,1
CARDIO_000524,Bacterial Endocarditis,Bakterielle Endokarditis,bacterial endocarditis,bakterielle endokarditis,1
CARDIO_000525,A wires,Ein Draht,a wires,ein draht,1
CARDIO_000526,AV fist,AV-Fistel,av fist,av-fistel,1
CARDIO_000527,Autonomic dysfunction,Autonome Dysfunktion,autonomic dysfunction,autonome dysfunktion,1
CARDIO_000528,pacemaker,Herzschrittmacher,pacemaker,herzschrittmacher,125
CARDIO_000529,pseudoaneurysm,Pseudoaneurysma,pseudoaneurysm,pseudoaneurysma,9
CARDIO_000530,cardiogenic shock,kardiogener Schock,cardiogenic shock,kardiogener schock,11
CARDIO_000531,troponins,Troponine,troponins,troponine,17
CARDIO_000532,PAC / PRA,PAC / PRA,pac / pra,pac / pra,1
CARDIO_000533,normetanephrine,Normetanephrin,normetanephrine,normetanephrin,3
CARDIO_000534,ATP,ATP,atp,atp,3
CARDIO_000535,dig,dig,dig,dig,3
CARDIO_000536,II,II,ii,ii,3
CARDIO_000537,AVF,AVF,avf,avf,3
CARDIO_000538,NYHA class 1,NYHA-Klasse 1,nyha class 1,nyha-klasse 1,1
CARDIO_000539,atropine,Atropin,atropine,atropin,17
CARDIO_000540,lad,lad,lad,lad,1
CARDIO_000541,NT - proBNP,NT - proBNP,nt - probnp,nt - probnp,1
CARDIO_000542,DORV,DORV,dorv,dorv,1
CARDIO_000543,STEMI,STEMI,stemi,stemi,4
CARDIO_000544,intracoronary,intrakoronar,intracoronary,intrakoronar,2
CARDIO_000545,Minihep,Minihep,minihep,minihep,1
CARDIO_000546,pulmonary artery,Lungenarterie,pulmonary artery,lungenarterie,54
CARDIO_000547,ARTERIAL,ARTERIE,arterial,arterie,21
CARDIO_000548,Arrest,Herzstillstand,arrest,herzstillstand,1
CARDIO_000549,transvenous pacing,transvenöse Stimulation,transvenous pacing,transvenöse stimulation,1
CARDIO_000550,pericardial effusion,Perikarderguss,pericardial effusion,perikarderguss,43
CARDIO_000551,Milrinone,Milrinon,milrinone,milrinon,5
CARDIO_000552,theophyllin,Theophyllin,theophyllin,theophyllin,1
CARDIO_000553,NVSS,NVSS,nvss,nvss,1
CARDIO_000554,juctional rhythm,Junktionsrhythmus,juctional rhythm,junktionsrhythmus,1
CARDIO_000555,cardiac catheterisation,Herzkatheterisierung,cardiac catheterisation,herzkatheterisierung,1
CARDIO_000556,Type II Mobitz,Mobitz-Typ II,type ii mobitz,mobitz-typ ii,1
CARDIO_000557,Mobitz,Mobitz,mobitz,mobitz,2
CARDIO_000558,CHB,CHB,chb,chb,1
CARDIO_000559,aortic valve,Aortenklappe,aortic valve,aortenklappe,31
CARDIO_000560,endocarditis,Endokarditis,endocarditis,endokarditis,35
CARDIO_000561,TEE,TEE,tee,tee,10
CARDIO_000562,NEC,NEC,nec,nec,1
CARDIO_000563,Delirium tremens,Delirium tremens,delirium tremens,delirium tremens,1
CARDIO_000564,Aortic valve,Aortenklappe,aortic valve,aortenklappe,4
CARDIO_000565,EOA,EOA,eoa,eoa,1
CARDIO_000566,Aortic,Aorten-,aortic,aorten-,6
CARDIO_000567,Aortic aneurysm,Aortenaneurysma,aortic aneurysm,aortenaneurysma,2
CARDIO_000568,TAA,TAA,taa,taa,2
CARDIO_000569,Antipsychotics,Antipsychotika,antipsychotics,antipsychotika,1
CARDIO_000570,culprit,Verursacher,culprit,verursacher,2
CARDIO_000571,congenital heart disease,angeborene Herzerkrankung,congenital heart disease,angeborene herzerkrankung,10
CARDIO_000572,cardiac index,Herzindex,cardiac index,herzindex,17
CARDIO_000573,electrocardiogram,Elektrokardiogramm,electrocardiogram,elektrokardiogramm,12
CARDIO_000574,E / A ratio,E/A-Verhältnis,e / a ratio,e/a-verhältnis,2
CARDIO_000575,AR,AR,ar,ar,4
CARDIO_000576,nonreassuring,nicht beruhigend,nonreassuring,nicht beruhigend,1
CARDIO_000577,Atropine,Atropin,atropine,atropin,4
CARDIO_000578,Pressors,Blutdruckerhöhende Mittel,pressors,blutdruckerhöhende mittel,1
CARDIO_000579,valsartan,Valsartan,valsartan,valsartan,4
CARDIO_000580,pac,pac,pac,pac,1
CARDIO_000581,delerium,Delirium,delerium,delirium,4
CARDIO_000582,Metoprolol,Metoprolol,metoprolol,metoprolol,14
CARDIO_000583,reperfuse,reperfundieren,reperfuse,reperfundieren,1
CARDIO_000584,B-blocker,B-Blocker,b-blocker,b-blocker,1
CARDIO_000585,cardioprotection,Kardioprotektion,cardioprotection,kardioprotektion,1
CARDIO_000586,NST EMI,NST EMI,nst emi,nst emi,1
CARDIO_000587,catheterization,Katheterisierung,catheterization,katheterisierung,5
CARDIO_000588,RVF,RVF,rvf,rvf,1
CARDIO_000589,PDE inhibitor,PDE-Hemmer,pde inhibitor,pde-hemmer,1
CARDIO_000590,viscous lidocaine,viskoses Lidocain,viscous lidocaine,viskoses lidocain,3
CARDIO_000591,pulse,Puls,pulse,puls,87
CARDIO_000592,Captopril,Captopril,captopril,captopril,3
CARDIO_000593,V FIB,V FIB,v fib,v fib,1
CARDIO_000594,epinephrine,Adrenalin,epinephrine,adrenalin,11
CARDIO_000595,esmolol,Esmolol,esmolol,esmolol,4
CARDIO_000596,mech valve-,mechanische Herzklappe–,mech valve-,mechanische herzklappe–,1
CARDIO_000597,A-line,A-Linie,a-line,a-linie,3
CARDIO_000598,LIMA,LIMA,lima,lima,7
CARDIO_000599,delirium tremens,Delirium tremens,delirium tremens,delirium tremens,5
CARDIO_000600,AF,AF,af,af,4
CARDIO_000601,AB,AB,ab,ab,1
CARDIO_000602,propanalol,Propanalol,propanalol,propanalol,1
CARDIO_000603,halter monitor,Halter-Monitor,halter monitor,halter-monitor,1
CARDIO_000604,lax,lax,lax,lax,1
CARDIO_000605,cardiac pacemakers,Herzschrittmacher,cardiac pacemakers,herzschrittmacher,1
CARDIO_000606,degenerative changes,degenerative Veränderungen,degenerative changes,degenerative veränderungen,26
CARDIO_000607,lignocaine,Lignocain,lignocaine,lignocain,1
CARDIO_000608,Cath Lab,Katheterlabor,cath lab,katheterlabor,1
CARDIO_000609,intra-aortic balloon pump,intraaortale Ballonpumpe,intra-aortic balloon pump,intraaortale ballonpumpe,2
CARDIO_000610,P wave,P-Welle,p wave,p-welle,3
CARDIO_000611,QRS complex,QRS-Komplex,qrs complex,qrs-komplex,5
CARDIO_000612,left axis deviation,Linksachsenabweichung,left axis deviation,linksachsenabweichung,4
CARDIO_000613,bundle-branch block,Schenkelblock,bundle-branch block,schenkelblock,3
CARDIO_000614,morphology,Morphologie,morphology,morphologie,5
CARDIO_000615,left atrium,linker Vorhof,left atrium,linker vorhof,12
CARDIO_000616,ST changes,ST-Veränderungen,st changes,st-veränderungen,4
CARDIO_000617,JVP,JVP,jvp,jvp,4
CARDIO_000618,VPBs,VPBs,vpbs,vpbs,1
CARDIO_000619,amiodaron,Amiodaron,amiodaron,amiodaron,1
CARDIO_000620,v,v,v,v,1
CARDIO_000621,hypercholesterolemia,Hypercholesterinämie,hypercholesterolemia,hypercholesterinämie,36
CARDIO_000622,qt,qt,qt,qt,1
CARDIO_000623,HLHS,HLHS,hlhs,hlhs,1
CARDIO_000624,VASCULAR SURGERY,GEFÄSSCHIRURGIE,vascular surgery,gefässchirurgie,5
CARDIO_000625,claudications,Claudicatio,claudications,claudicatio,1
CARDIO_000626,cardiologists,Kardiologen,cardiologists,kardiologen,2
CARDIO_000627,subclavian arteries,Arteria subclavia,subclavian arteries,arteria subclavia,1
CARDIO_000628,preeclampsia,Präeklampsie,preeclampsia,präeklampsie,1
CARDIO_000629,Diphtheroid,Diphtheroid,diphtheroid,diphtheroid,1
CARDIO_000630,plaque,Plaque,plaque,plaque,14
CARDIO_000631,clinidine,Klinidin,clinidine,klinidin,1
CARDIO_000632,spontaneously,spontan,spontaneously,spontan,15
CARDIO_000633,pvcs,pvcs,pvcs,pvcs,1
CARDIO_000634,ecg,ecg,ecg,ecg,1
CARDIO_000635,D2,D2,d2,d2,2
CARDIO_000636,carotid artery,Halsschlagader,carotid artery,halsschlagader,22
CARDIO_000637,Acute respiratory failure,Akutes Atemversagen,acute respiratory failure,akutes atemversagen,4
CARDIO_000638,VTs,ventrikuläre Tachykardien,vts,ventrikuläre tachykardien,1
CARDIO_000639,Nicardipine,Nicardipin,nicardipine,nicardipin,1
CARDIO_000640,metropolol,Metoprolol,metropolol,metoprolol,1
CARDIO_000641,Beta blockers,Betablocker,beta blockers,betablocker,2
CARDIO_000642,Nipride,Nipride,nipride,nipride,1
CARDIO_000643,coronary,koronar,coronary,koronar,94
CARDIO_000644,hydralazine,Hydralazin,hydralazine,hydralazin,29
CARDIO_000645,V pace,V-Pace,v pace,v-pace,1
CARDIO_000646,Bi ventricular pacing,Biventrikuläre Stimulation,bi ventricular pacing,biventrikuläre stimulation,1
CARDIO_000647,current,Strom,current,strom,1
CARDIO_000648,ephedrine,Ephedrin,ephedrine,ephedrin,1
CARDIO_000649,ACS,ACS,acs,acs,6
CARDIO_000650,anterior tibial artery,vordere Tibialarterie,anterior tibial artery,vordere tibialarterie,11
CARDIO_000651,Acetylcholine Estrace inhibitor,Acetylcholin-Estrace-Hemmer,acetylcholine estrace inhibitor,acetylcholin-estrace-hemmer,1
CARDIO_000652,ACE,ACE,ace,ace,2
CARDIO_000653,Clonidin,Clonidin,clonidin,clonidin,1
CARDIO_000654,BUNDLE SWITCHES,BÜNDELÜBERGÄNGE,bundle switches,bündelübergänge,1
CARDIO_000655,a-line,a-Linie,a-line,a-linie,1
CARDIO_000656,SUBCLAVIAN,SUBCLAVIAN,subclavian,subclavian,1
CARDIO_000657,Central line,Zentralvenenkatheter,central line,zentralvenenkatheter,1
CARDIO_000658,Electrophysiology,Elektrophysiologie,electrophysiology,elektrophysiologie,4
CARDIO_000659,permanent pacemaker,permanenter Herzschrittmacher,permanent pacemaker,permanenter herzschrittmacher,1
CARDIO_000660,A / B,A / B,a / b,a / b,1
CARDIO_000661,^^bp,^^bp,^^bp,^^bp,1
CARDIO_000662,Lindane,Lindan,lindane,lindan,1
CARDIO_000663,SPET,SPET,spet,spet,1
CARDIO_000664,Quincke pulsations,Quincke-Pulsationen,quincke pulsations,quincke-pulsationen,1
CARDIO_000665,WAVEFORM,WELLENFORM,waveform,wellenform,1
CARDIO_000666,c / c / e,c / c / e,c / c / e,c / c / e,1
CARDIO_000667,BDS,BDS,bds,bds,1
CARDIO_000668,NT,NT,nt,nt,3
CARDIO_000669,cva,cva,cva,cva,1
CARDIO_000670,amd,amd,amd,amd,1
CARDIO_000671,janeaway lesions,janeaway-Läsionen,janeaway lesions,janeaway-läsionen,1
CARDIO_000672,delta waves,Delta-Wellen,delta waves,delta-wellen,2
CARDIO_000673,A / B,A / B,a / b,a / b,1
CARDIO_000674,COA,COA,coa,coa,1
CARDIO_000675,VF,VF,vf,vf,4
CARDIO_000676,ADHF,ADHF,adhf,adhf,1
CARDIO_000677,superior mesenteric artery,Arteria mesenterica superior,superior mesenteric artery,arteria mesenterica superior,8
CARDIO_000678,subclavian artery,Arteria subclavia,subclavian artery,arteria subclavia,4
CARDIO_000679,leukomalacia,Leukomalazie,leukomalacia,leukomalazie,1
CARDIO_000680,PDA,PDA,pda,pda,3
CARDIO_000681,femoral vein,Femoralvene,femoral vein,femoralvene,24
CARDIO_000682,Cordis,Cordis,cordis,cordis,2
CARDIO_000683,map,map,map,map,1
CARDIO_000684,diastolic CHF,diastolische Herzinsuffizienz,diastolic chf,diastolische herzinsuffizienz,1
CARDIO_000685,ptca,ptca,ptca,ptca,1
CARDIO_000686,NIDD,NIDD,nidd,nidd,1
CARDIO_000687,NIDD,NIDD,nidd,nidd,1
CARDIO_000688,unstable angina,instabile Angina,unstable angina,instabile angina,9
CARDIO_000689,catherterization,Katheterisierung,catherterization,katheterisierung,1
CARDIO_000690,valve replacement,Klappenersatz,valve replacement,klappenersatz,7
CARDIO_000691,Atorvastatin,Atorvastatin,atorvastatin,atorvastatin,4
CARDIO_000692,ASD,ASD,asd,asd,3
CARDIO_000693,VSD,VSD,vsd,vsd,1
CARDIO_000694,PVR,PVR,pvr,pvr,1
CARDIO_000695,TV,TV,tv,tv,1
CARDIO_000696,MVR,MVR,mvr,mvr,2
CARDIO_000697,hypertropic obstructive cardiomyopathy,hypertrophe obstruktive Kardiomyopathie,hypertropic obstructive cardiomyopathy,hypertrophe obstruktive kardiomyopathie,1
CARDIO_000698,PERICARDITIS,Perikarditis,pericarditis,perikarditis,2
CARDIO_000699,HYPOTENSION,HYPOTONIE,hypotension,hypotonie,5
CARDIO_000700,PERICARDIAL,PERIKARDIAL,pericardial,perikardial,4
CARDIO_000701,Mitral valve,Mitralklappe,mitral valve,mitralklappe,5
CARDIO_000702,valve repair,Klappenreparatur,valve repair,klappenreparatur,23
CARDIO_000703,AFIB,Vorhofflimmern,afib,vorhofflimmern,1
CARDIO_000704,Troponin,Troponin,troponin,troponin,15
CARDIO_000705,F,F,f,f,1
CARDIO_000706,V4,V4,v4,v4,8
CARDIO_000707,V5,V5,v5,v5,5
CARDIO_000708,V6,V6,v6,v6,9
CARDIO_000709,beats per minute,Schläge pro Minute,beats per minute,schläge pro minute,25
CARDIO_000710,right heart failure,Rechtsherzinsuffizienz,right heart failure,rechtsherzinsuffizienz,2
CARDIO_000711,Prinzmetal 's angina,Prinzmetal-Angina,prinzmetal 's angina,prinzmetal-angina,2
CARDIO_000712,cardiac arrest,Herzstillstand,cardiac arrest,herzstillstand,26
CARDIO_000713,systolic CHF,systolische Herzinsuffizienz,systolic chf,systolische herzinsuffizienz,1
CARDIO_000714,LM,LM,lm,lm,2
CARDIO_000715,LCX,LCX,lcx,lcx,1
CARDIO_000716,BRIDE COLLATERALS,BRIDE-KOLLATERALE,bride collaterals,bride-kollaterale,1
CARDIO_000717,systolic pressure,systolischer Druck,systolic pressure,systolischer druck,9
CARDIO_000718,nifedipien,Nifedipin,nifedipien,nifedipin,1
CARDIO_000719,blackout,Blackout,blackout,blackout,3
CARDIO_000720,Lindau,Lindau,lindau,lindau,1
CARDIO_000721,TAs,TAs,tas,tas,1
CARDIO_000722,PLV,PLV,plv,plv,1
CARDIO_000723,Pulmonary Vein,Lungenvene,pulmonary vein,lungenvene,1
CARDIO_000724,pulmonary veins,Lungenvenen,pulmonary veins,lungenvenen,3
CARDIO_000725,NSTEMI,NSTEMI,nstemi,nstemi,1
CARDIO_000726,mvr,mvr,mvr,mvr,1
CARDIO_000727,pre,pre,pre,pre,9
CARDIO_000728,myofibers,Myofasern,myofibers,myofasern,2
CARDIO_000729,Ace,Ace,ace,ace,2
CARDIO_000730,LVAD,LVAD,lvad,lvad,3
CARDIO_000731,vagus,Vagus,vagus,vagus,3
CARDIO_000732,Dysreflexia - autonomic,Dysreflexie – autonom,dysreflexia - autonomic,dysreflexie – autonom,1
CARDIO_000733,SPIRONOLACTONE,SPIRONOLACTON,spironolactone,spironolacton,3
CARDIO_000734,Atrial,Vorhof,atrial,vorhof,18
CARDIO_000735,asystolic,asystolisch,asystolic,asystolisch,2
CARDIO_000736,TIPS,TIPS,tips,tips,11
CARDIO_000737,RVEDP,RVEDP,rvedp,rvedp,1
CARDIO_000738,mPAP,mPAP,mpap,mpap,1
CARDIO_000739,LVEDP,LVEDP,lvedp,lvedp,1
CARDIO_000740,PCWP,PCWP,pcwp,pcwp,1
CARDIO_000741,sinus,Sinus,sinus,sinus,7
CARDIO_000742,LVH,LVH,lvh,lvh,7
CARDIO_000743,ECGs,EKGs,ecgs,ekgs,1
CARDIO_000744,BPP,BPP,bpp,bpp,1
CARDIO_000745,perp pulses,Periphere Pulse,perp pulses,periphere pulse,1
CARDIO_000746,holosystolic murmur,holosystolisches Herzgeräusch,holosystolic murmur,holosystolisches herzgeräusch,2
CARDIO_000747,non-pitting edema,nicht eindrückbares Ödem,non-pitting edema,nicht eindrückbares ödem,1
CARDIO_000748,V,V,v,v,3
CARDIO_000749,Thyrotoxicosis,Thyreotoxikose,thyrotoxicosis,thyreotoxikose,2
CARDIO_000750,glycoside,Glykosid,glycoside,glykosid,1
CARDIO_000751,aortobifemoral,aortobifemoral,aortobifemoral,aortobifemoral,3
CARDIO_000752,angina,Angina pectoris,angina,angina pectoris,19
CARDIO_000753,bypass surgery,Bypass-Operation,bypass surgery,bypass-operation,41
CARDIO_000754,oversensing,Oversensing,oversensing,oversensing,1
CARDIO_000755,Palpable pulses,Tastbare Pulse,palpable pulses,tastbare pulse,1
CARDIO_000756,CHTN,CHTN,chtn,chtn,1
CARDIO_000757,reperfusion,Reperfusion,reperfusion,reperfusion,8
CARDIO_000758,Thallium-201,Thallium-201,thallium-201,thallium-201,1
CARDIO_000759,myocardium,Myokard,myocardium,myokard,5
CARDIO_000760,ARTERIAL LINE,ARTERIELLER ZUGANG,arterial line,arterieller zugang,2
CARDIO_000761,ECHO,ECHO,echo,echo,6
CARDIO_000762,secundum,secundum,secundum,secundum,2
CARDIO_000763,atrial septal defect,Vorhofseptumdefekt,atrial septal defect,vorhofseptumdefekt,6
CARDIO_000764,TropT,TropT,tropt,tropt,1
CARDIO_000765,XACT,XACT,xact,xact,1
CARDIO_000766,PCI,PCI,pci,pci,5
CARDIO_000767,imi,imi,imi,imi,1
CARDIO_000768,Aortogram,Aortogramm,aortogram,aortogramm,2
CARDIO_000769,CABBAGE,CABBAGE,cabbage,cabbage,1
CARDIO_000770,NON-CORONARY,NICHT-KORONAR,non-coronary,nicht-koronar,2
CARDIO_000771,ectopics beats,ektopische Herzschläge,ectopics beats,ektopische herzschläge,1
CARDIO_000772,ekg,ekg,ekg,ekg,3
CARDIO_000773,obstructive sleep apnea,obstruktive Schlafapnoe,obstructive sleep apnea,obstruktive schlafapnoe,39
CARDIO_000774,Aneurysms,Aneurysmen,aneurysms,aneurysmen,1
CARDIO_000775,PRE,PRE,pre,pre,3
CARDIO_000776,asystole,Asystolie,asystole,asystolie,3
CARDIO_000777,Cardiac Catheterization,Herzkatheterisierung,cardiac catheterization,herzkatheterisierung,2
CARDIO_000778,left main,linke Hauptarterie,left main,linke hauptarterie,1
CARDIO_000779,Restenosis,Restenose,restenosis,restenose,1
CARDIO_000780,circumflex,Circumflex,circumflex,circumflex,17
CARDIO_000781,beta blockers,Betablocker,beta blockers,betablocker,7
CARDIO_000782,bowel ischemia,Darmischämie,bowel ischemia,darmischämie,1
CARDIO_000783,ventricular,ventrikulär,ventricular,ventrikulär,6
CARDIO_000784,ETT,ETT,ett,ett,1
CARDIO_000785,PHR,PHR,phr,phr,1
CARDIO_000786,bypass graft,Bypass-Transplantat,bypass graft,bypass-transplantat,14
CARDIO_000787,MRCA,MRCA,mrca,mrca,1
CARDIO_000788,AORTIC DISSECTION,AORTENDISSECTION,aortic dissection,aortendissection,2
CARDIO_000789,CAROTID SERIES,KAROTIS-SERIE,carotid series,karotis-serie,1
CARDIO_000790,AV,AV,av,av,2
CARDIO_000791,PFO\AORTIC,PFO\AORTIC,pfo\aortic,pfo\aortic,1
CARDIO_000792,VALVE REPLACEMENT,KLAPPENAUSTAUSCH,valve replacement,klappenaustausch,2
CARDIO_000793,PFO\AORTIC,PFO\AORTIC,pfo\aortic,pfo\aortic,1
CARDIO_000794,Myocardial,Myokardial,myocardial,myokardial,4
CARDIO_000795,pLAD,pLAD,plad,plad,1
CARDIO_000796,dLAD,dLAD,dlad,dlad,1
CARDIO_000797,OM1,OM1,om1,om1,2
CARDIO_000798,mLAD,mLAD,mlad,mlad,1
CARDIO_000799,mid LAD,mittlerer Zweig der linken Koronararterie (LAD),mid lad,mittlerer zweig der linken koronararterie (lad),1
CARDIO_000800,atheroma,Atherom,atheroma,atherom,2
CARDIO_000801,Ctnt,Ctnt,ctnt,ctnt,1
CARDIO_000802,pre-eclampsia,Präeklampsie,pre-eclampsia,präeklampsie,1
CARDIO_000803,cardiac output,Herzzeitvolumen,cardiac output,herzzeitvolumen,18
CARDIO_000804,transverse myelitis,Transversale Myelitis,transverse myelitis,transversale myelitis,2
CARDIO_000805,ectopic Atrial beet,ektopische Vorhof-Rübe,ectopic atrial beet,ektopische vorhof-rübe,1
CARDIO_000806,tachy,Tachy,tachy,tachy,2
CARDIO_000807,acute ST,akute ST,acute st,akute st,2
CARDIO_000808,TW,TW,tw,tw,1
CARDIO_000809,LISINOPRIL,LISINOPRIL,lisinopril,lisinopril,1
CARDIO_000810,HYDROCHLOROTHIAZIDE,HYDROCHLOROTHIAZID,hydrochlorothiazide,hydrochlorothiazid,1
CARDIO_000811,catherization,Katheterisierung,catherization,katheterisierung,1
CARDIO_000812,Bradycardia,Bradykardie,bradycardia,bradykardie,1
CARDIO_000813,AV block,AV-Block,av block,av-block,13
CARDIO_000814,VPC,VPC,vpc,vpc,1
CARDIO_000815,monitors,Monitore,monitors,monitore,1
CARDIO_000816,Radial pulse,Radialpuls,radial pulse,radialpuls,1
CARDIO_000817,latanoprost,Latanoprost,latanoprost,latanoprost,4
CARDIO_000818,Etomidate,Etomidat,etomidate,etomidat,1
CARDIO_000819,SB rhythm,SB-Rhythmus,sb rhythm,sb-rhythmus,1
CARDIO_000820,NIBP,NIBP,nibp,nibp,1
CARDIO_000821,intra arterial,intraarteriell,intra arterial,intraarteriell,1
CARDIO_000822,lpressor,lpressor,lpressor,lpressor,1
CARDIO_000823,nodal-,nodal-,nodal-,nodal-,1
CARDIO_000824,apaced,apaced,apaced,apaced,1
CARDIO_000825,PDA,PDA,pda,pda,1
CARDIO_000826,lidocaine HCl,Lidocain-HCl,lidocaine hcl,lidocain-hcl,1
CARDIO_000827,angioplasties,Angioplastiken,angioplasties,angioplastiken,1
CARDIO_000828,circulating volume,Zirkulationsvolumen,circulating volume,zirkulationsvolumen,1
CARDIO_000829,T flips,T-Flips,t flips,t-flips,1
CARDIO_000830,late-peaking,Late-Peaking,late-peaking,late-peaking,1
CARDIO_000831,crescendo,Crescendo,crescendo,crescendo,3
CARDIO_000832,decrescendo,Decrescendo,decrescendo,decrescendo,1
CARDIO_000833,amphetamine,Amphetamin,amphetamine,amphetamin,1
CARDIO_000834,Heart failure,Herzinsuffizienz,heart failure,herzinsuffizienz,2
CARDIO_000835,Systolic,Systolisch,systolic,systolisch,4
CARDIO_000836,Angiography,Angiographie,angiography,angiographie,4
CARDIO_000837,cardiomegaly,Kardiomegalie,cardiomegaly,kardiomegalie,39
CARDIO_000838,cardiomyopathies,Kardiomyopathien,cardiomyopathies,kardiomyopathien,1
CARDIO_000839,sudden cardiac death,plötzlicher Herztod,sudden cardiac death,plötzlicher herztod,1
CARDIO_000840,monitoring equip,Überwachungsausrüstung,monitoring equip,überwachungsausrüstung,1
CARDIO_000841,flutter line,Flutterlinie,flutter line,flutterlinie,2
CARDIO_000842,angioplastied,angioplastiert,angioplastied,angioplastiert,1
CARDIO_000843,Coronary artery bypass grafting,Koronararterien-Bypass-Operation,coronary artery bypass grafting,koronararterien-bypass-operation,2
CARDIO_000844,internal thoracic artery,Arteria thoracica interna,internal thoracic artery,arteria thoracica interna,4
CARDIO_000845,left anterior descending artery,linke vordere absteigende Arterie,left anterior descending artery,linke vordere absteigende arterie,13
CARDIO_000846,cardio - pulmonary resuscitation,Herz-Lungen-Wiederbelebung,cardio - pulmonary resuscitation,herz-lungen-wiederbelebung,1
CARDIO_000847,FSE,FSE,fse,fse,7
CARDIO_000848,amyloid angiopathy,Amyloidangiopathie,amyloid angiopathy,amyloidangiopathie,2
CARDIO_000849,TIPS,TIPS,tips,tips,7
CARDIO_000850,Hydralazine,Hydralazin,hydralazine,hydralazin,4
CARDIO_000851,PTA,PTA,pta,pta,3
CARDIO_000852,pocket site,Implantationsstelle,pocket site,implantationsstelle,1
CARDIO_000853,balloon angioplasty,Ballonangioplastie,balloon angioplasty,ballonangioplastie,4
CARDIO_000854,A paced,Ein stimulierter,a paced,ein stimulierter,1
CARDIO_000855,intrinsic bts,intrinsisch bts,intrinsic bts,intrinsisch bts,1
CARDIO_000856,coreg,Coreg,coreg,coreg,2
CARDIO_000857,CARDIAC PERFORATIONS,HERZPERFORATIONEN,cardiac perforations,herzperforationen,1
CARDIO_000858,SEM,SEM,sem,sem,2
CARDIO_000859,Digoxin,Digoxin,digoxin,digoxin,19
CARDIO_000860,mid-LAD,mittlerer LAD-Abschnitt,mid-lad,mittlerer lad-abschnitt,1
CARDIO_000861,CFX,CFX,cfx,cfx,1
CARDIO_000862,pace maker,Herzschrittmacher,pace maker,herzschrittmacher,1
CARDIO_000863,nicardipine,Nicardipin,nicardipine,nicardipin,3
CARDIO_000864,Cabg,Cabg,cabg,cabg,1
CARDIO_000865,q,q,q,q,5
CARDIO_000866,cardiac catheterization,Herzkatheterisierung,cardiac catheterization,herzkatheterisierung,69
CARDIO_000867,coronary stenting,Koronarstentimplantation,coronary stenting,koronarstentimplantation,1
CARDIO_000868,BP,BP,bp,bp,157
CARDIO_000869,rapid ventricular rate,schnelle ventrikuläre Frequenz,rapid ventricular rate,schnelle ventrikuläre frequenz,1
CARDIO_000870,atrial fibrillation,Vorhofflimmern,atrial fibrillation,vorhofflimmern,167
CARDIO_000871,QAM,QAM,qam,qam,1
CARDIO_000872,19:03,19:03,19:03,19:03,1
CARDIO_000873,0.5mcg,"0,5 mcg",0.5mcg,"0,5 mcg",1
CARDIO_000874,Monday,Montag,monday,montag,1
CARDIO_000875,or,or,or,or,1
CARDIO_000876,beta - blocker,Beta-Blocker,beta - blocker,beta-blocker,8
CARDIO_000877,left ventricular dysfunction,linksventrikuläre Dysfunktion,left ventricular dysfunction,linksventrikuläre dysfunktion,7
CARDIO_000878,quinine,Chinin,quinine,chinin,6
CARDIO_000879,cardiac arrested,Herzstillstand,cardiac arrested,herzstillstand,1
CARDIO_000880,Atrial Rhthym,Vorhof-Rhythmus,atrial rhthym,vorhof-rhythmus,1
CARDIO_000881,Cardiomyopathy,Kardiomyopathie,cardiomyopathy,kardiomyopathie,2
CARDIO_000882,Echo,Echo,echo,echo,4
CARDIO_000883,sclerosis,Sklerose,sclerosis,sklerose,10
CARDIO_000884,circulation,Blutkreislauf,circulation,blutkreislauf,36
CARDIO_000885,monitor,Monitor,monitor,monitor,40
CARDIO_000886,dissection,Dissektion,dissection,dissektion,36
CARDIO_000887,arch,Aortenbogen,arch,aortenbogen,4
CARDIO_000888,LV,LV,lv,lv,72
CARDIO_000889,5,5,5,5,1
CARDIO_000890,electrocautery,Elektrokauterisation,electrocautery,elektrokauterisation,26
CARDIO_000891,right atrial pressure,Druck im rechten Vorhof,right atrial pressure,druck im rechten vorhof,7
CARDIO_000892,pre,pre,pre,pre,11
CARDIO_000893,atrium,Vorhof,atrium,vorhof,32
CARDIO_000894,AV,AV,av,av,4
CARDIO_000895,threshold,Schwellenwert,threshold,schwellenwert,18
CARDIO_000896,NG tube,NG-Sonde,ng tube,ng-sonde,17
CARDIO_000897,albumin,Albumin,albumin,albumin,46
CARDIO_000898,ARB,ARB,arb,arb,2
CARDIO_000899,oculocardiac reflex,okulokardialer Reflex,oculocardiac reflex,okulokardialer reflex,1
CARDIO_000900,troponins,Troponine,troponins,troponine,14
CARDIO_000901,CHF,CHF,chf,chf,102
CARDIO_000902,vascular surgeries,Gefäßchirurgie,vascular surgeries,gefäßchirurgie,1
CARDIO_000903,MICROANGIOPATHIC,MIKROANGIOPATHISCH,microangiopathic,mikroangiopathisch,1
CARDIO_000904,aortosphaenous,aortosphänoidal,aortosphaenous,aortosphänoidal,1
CARDIO_000905,systolic ejection murmurs,systolische Ejektionsgeräusche,systolic ejection murmurs,systolische ejektionsgeräusche,1
CARDIO_000906,felodipine,Felodipin,felodipine,felodipin,6
CARDIO_000907,lidocaine,Lidocain,lidocaine,lidocain,9
CARDIO_000908,CAD,CAD,cad,cad,64
CARDIO_000909,AV -,AV -,av -,av -,1
CARDIO_000910,stress test,Belastungstest,stress test,belastungstest,94
CARDIO_000911,pulmonary arteries,Lungenarterien,pulmonary arteries,lungenarterien,7
CARDIO_000912,unroofed,ohne Dach,unroofed,ohne dach,2
CARDIO_000913,CVA,CVA,cva,cva,69
CARDIO_000914,ventricular fibrillation,Kammerflimmern,ventricular fibrillation,kammerflimmern,13
CARDIO_000915,VA ECMO,VA-ECMO,va ecmo,va-ecmo,1
CARDIO_000916,CPR,CPR,cpr,cpr,22
CARDIO_000917,medics,Sanitäter,medics,sanitäter,5
CARDIO_000918,AV block,AV-Block,av block,av-block,7
CARDIO_000919,transpulmonary gradient,transpulmonaler Gradient,transpulmonary gradient,transpulmonaler gradient,1
CARDIO_000920,pulmonary vascular resistance,pulmonaler Gefäßwiderstand,pulmonary vascular resistance,pulmonaler gefäßwiderstand,1
CARDIO_000921,MI,MI,mi,mi,63
CARDIO_000922,Cardiolite,Cardiolite,cardiolite,cardiolite,13
CARDIO_000923,HTN,HTN,htn,htn,130
CARDIO_000924,ring,Ring,ring,ring,16
CARDIO_000925,ICD,ICD,icd,icd,32
CARDIO_000926,antihypertensive,blutdrucksenkend,antihypertensive,blutdrucksenkend,8
CARDIO_000927,acute MI,Akuter Herzinfarkt,acute mi,akuter herzinfarkt,3
CARDIO_000928,EKG,EKG,ekg,ekg,70
CARDIO_000929,adenosine stress test,Adenosin-Belastungstest,adenosine stress test,adenosin-belastungstest,5
CARDIO_000930,atypical antipsychotics,atypische Antipsychotika,atypical antipsychotics,atypische antipsychotika,1
CARDIO_000931,echo,Echokardiographie,echo,echokardiographie,32
CARDIO_000932,premature ventricular contractions,vorzeitige ventrikuläre Kontraktionen,premature ventricular contractions,vorzeitige ventrikuläre kontraktionen,4
CARDIO_000933,dysrhythmia,Herzrhythmusstörung,dysrhythmia,herzrhythmusstörung,5
CARDIO_000934,sotalol,Sotalol,sotalol,sotalol,7
CARDIO_000935,pacemaker,Herzschrittmacher,pacemaker,herzschrittmacher,9
CARDIO_000936,Cerebral Angiography,Zerebrale Angiographie,cerebral angiography,zerebrale angiographie,1
CARDIO_000937,ACE inhibitors,ACE-Hemmer,ace inhibitors,ace-hemmer,2
CARDIO_000938,pressors,Blutdruckerhöher,pressors,blutdruckerhöher,4
CARDIO_000939,hyperaldosteronism,Hyperaldosteronismus,hyperaldosteronism,hyperaldosteronismus,1
CARDIO_000940,EKG,EKG,ekg,ekg,94
CARDIO_000941,carotid,Halsschlagader,carotid,halsschlagader,11
CARDIO_000942,pulmonary artery catheter,Pulmonalarterienkatheter,pulmonary artery catheter,pulmonalarterienkatheter,2
CARDIO_000943,coronary artery,Koronararterie,coronary artery,koronararterie,32
CARDIO_000944,angiotensin,Angiotensin,angiotensin,angiotensin,3
CARDIO_000945,acute coronary,akute Koronarerkrankung,acute coronary,akute koronarerkrankung,1
CARDIO_000946,monitor,Monitor,monitor,monitor,1
CARDIO_000947,eclampsia,Eklampsie,eclampsia,eklampsie,1
CARDIO_000948,heart disease,Herzerkrankung,heart disease,herzerkrankung,42
CARDIO_000949,brain stem,Hirnstamm,brain stem,hirnstamm,12
CARDIO_000950,wide complex tachycardias,Tachykardien mit breitem Komplex,wide complex tachycardias,tachykardien mit breitem komplex,1
CARDIO_000951,right coronary artery,rechte Koronararterie,right coronary artery,rechte koronararterie,41
CARDIO_000952,treadmill stress test,Laufband-Belastungstest,treadmill stress test,laufband-belastungstest,2
CARDIO_000953,endoleak,Endoleak,endoleak,endoleak,4
CARDIO_000954,cardiopulmonary bypass,kardiopulmonaler Bypass,cardiopulmonary bypass,kardiopulmonaler bypass,7
CARDIO_000955,cardioplegia,Kardioplegie,cardioplegia,kardioplegie,5
CARDIO_000956,radioactive iodine,radioaktives Jod,radioactive iodine,radioaktives jod,2
CARDIO_000957,predilate,vorerweitern,predilate,vorerweitern,1
CARDIO_000958,angioplasty,Angioplastie,angioplasty,angioplastie,48
CARDIO_000959,reangioplasty,Reangioplastik,reangioplasty,reangioplastik,1
CARDIO_000960,anterior cerebral,vorderer Hirnarterie,anterior cerebral,vorderer hirnarterie,1
CARDIO_000961,AAA,AAA,aaa,aaa,2
CARDIO_000962,drug - eluting stent,medikamentenfreisetzender Stent,drug - eluting stent,medikamentenfreisetzender stent,4
CARDIO_000963,subclavian,Subclavia,subclavian,subclavia,52
CARDIO_000964,vascular endothelium,Gefäßendothel,vascular endothelium,gefäßendothel,1
CARDIO_000965,idioventricular paced,idioventrikulär stimuliert,idioventricular paced,idioventrikulär stimuliert,1
CARDIO_000966,hemorrhagic CVA,hämorrhagischer Schlaganfall,hemorrhagic cva,hämorrhagischer schlaganfall,1
CARDIO_000967,Q - R axis,Q-R-Achse,q - r axis,q-r-achse,1
CARDIO_000968,V-V offset,V-V-Offset,v-v offset,v-v-offset,1
CARDIO_000969,left ventricular function,Funktion des linken Ventrikels,left ventricular function,funktion des linken ventrikels,7
CARDIO_000970,intracerebral hemorrhage,intrazerebrale Blutung,intracerebral hemorrhage,intrazerebrale blutung,12
CARDIO_000971,off -,off -,off -,off -,1
CARDIO_000972,right atrial,rechter Vorhof,right atrial,rechter vorhof,20
CARDIO_000973,P,P,p,p,1
CARDIO_000974,VT,VT,vt,vt,12
CARDIO_000975,TR,TR,tr,tr,6
CARDIO_000976,defibrillation,Defibrillation,defibrillation,defibrillation,13
CARDIO_000977,posterolateral branch,posterolateraler Ast,posterolateral branch,posterolateraler ast,3
CARDIO_000978,Guidant Easytrak 2 IS1 lead,Guidant Easytrak 2 IS1-Elektrode,guidant easytrak 2 is1 lead,guidant easytrak 2 is1-elektrode,1
CARDIO_000979,regurgitation,Regurgitation,regurgitation,regurgitation,23
CARDIO_000980,flecainide,Flecainid,flecainide,flecainid,7
CARDIO_000981,AV nodal,AV-Knoten,av nodal,av-knoten,7
CARDIO_000982,congestive failure,kongestive Herzinsuffizienz,congestive failure,kongestive herzinsuffizienz,2
CARDIO_000983,C3,C3,c3,c3,33
CARDIO_000984,postventricular atrial refractory,postventrikuläre atriale Refraktärphase,postventricular atrial refractory,postventrikuläre atriale refraktärphase,1
CARDIO_000985,cardiology,Kardiologie,cardiology,kardiologie,26
CARDIO_000986,vagi,vagi,vagi,vagi,1
CARDIO_000987,cardiologists,Kardiologen,cardiologists,kardiologen,1
CARDIO_000988,reflex tachycardia,Reflex-Tachykardie,reflex tachycardia,reflex-tachykardie,1
CARDIO_000989,nitroprusside,Nitroprussid,nitroprusside,nitroprussid,3
CARDIO_000990,postaortic valve replacement,Nach der Aortenklappenersatzoperation,postaortic valve replacement,nach der aortenklappenersatzoperation,1
CARDIO_000991,stress test,Belastungstest,stress test,belastungstest,6
CARDIO_000992,devitalized,devitalisiert,devitalized,devitalisiert,1
CARDIO_000993,stenting,Stentimplantation,stenting,stentimplantation,16
CARDIO_000994,coronary sinus,Koronarsinus,coronary sinus,koronarsinus,15
CARDIO_000995,Warfarin,Warfarin,warfarin,warfarin,3
CARDIO_000996,SIMVASTATIN,SIMVASTATIN,simvastatin,simvastatin,5
CARDIO_000997,LEVOTHYROXINE,LEVOTHYROXIN,levothyroxine,levothyroxin,4
CARDIO_000998,terazosin,Terazosin,terazosin,terazosin,6
CARDIO_000999,TERAZOSIN,TERAZOSIN,terazosin,terazosin,2
CARDIO_001000,metolazone,Metolazon,metolazone,metolazon,5
CARDIO_001001,METOLAZONE,METOLAZON,metolazone,metolazon,1
CARDIO_001002,CAD,CAD,cad,cad,53
CARDIO_001003,Systolic,Systolisch,systolic,systolisch,6
CARDIO_001004,End - Systolic,Ende – Systole,end - systolic,ende – systole,2
CARDIO_001005,Ejection Fraction,Ejektionsfraktion,ejection fraction,ejektionsfraktion,3
CARDIO_001006,Stroke Volume,Schlagvolumen,stroke volume,schlagvolumen,3
CARDIO_001007,Cardiac Output,Herzzeitvolumen,cardiac output,herzzeitvolumen,3
CARDIO_001008,Aorta,Aorta,aorta,aorta,5
CARDIO_001009,SCLEROSIS,SKLEROSE,sclerosis,sklerose,2
CARDIO_001010,pulses,Pulse,pulses,pulse,10
CARDIO_001011,Vital signs,Vitalparameter,vital signs,vitalparameter,28
CARDIO_001012,TPR,TPR,tpr,tpr,1
CARDIO_001013,vital,Vitalwerte,vital,vitalwerte,6
CARDIO_001014,pulse - ox,Puls - ox,pulse - ox,puls - ox,1
CARDIO_001015,serosal surfaces,Serosaoberflächen,serosal surfaces,serosaoberflächen,1
CARDIO_001016,murmer,Herzgeräusch,murmer,herzgeräusch,1
CARDIO_001017,VALVE,Herzklappe,valve,herzklappe,10
CARDIO_001018,Ventricular,Ventrikulär,ventricular,ventrikulär,6
CARDIO_001019,cycle lengths,Zykluslängen,cycle lengths,zykluslängen,2
CARDIO_001020,Ventricular stimulation,Ventrikuläre Stimulation,ventricular stimulation,ventrikuläre stimulation,1
CARDIO_001021,LVEF,LVEF,lvef,lvef,6
CARDIO_001022,LVEF,LVEF,lvef,lvef,10
CARDIO_001023,LVEDV,LVEDV,lvedv,lvedv,1
CARDIO_001024,Ventricular fibrillation,Kammerflimmern,ventricular fibrillation,kammerflimmern,2
CARDIO_001025,T-shock,T-Schock,t-shock,t-schock,1
CARDIO_001026,ECMO,ECMO,ecmo,ecmo,5
CARDIO_001027,vasotec,Vasotec,vasotec,vasotec,2
CARDIO_001028,Vascular disease,Gefäßerkrankung,vascular disease,gefäßerkrankung,1
CARDIO_001029,coronary arteries,Koronararterien,coronary arteries,koronararterien,14
CARDIO_001030,coronary artery .,Koronararterie .,coronary artery .,koronararterie .,6
CARDIO_001031,Valve,Klappe,valve,klappe,3
CARDIO_001032,femoral artery,Oberschenkelarterie,femoral artery,oberschenkelarterie,41
CARDIO_001033,PT,PT,pt,pt,2
CARDIO_001034,iliac,iliac,iliac,iliac,19
CARDIO_001035,posterior annulus,posteriorer Annulus,posterior annulus,posteriorer annulus,4
CARDIO_001036,radial artery,Radialarterie,radial artery,radialarterie,22
CARDIO_001037,strip,Streifen,strip,streifen,7
CARDIO_001038,supra - anularly,supra – anular,supra - anularly,supra – anular,1
CARDIO_001039,ACEI,ACEI,acei,acei,2
CARDIO_001040,vascular dementia,vaskuläre Demenz,vascular dementia,vaskuläre demenz,3
CARDIO_001041,sick sinus syndrome,Sick-Sinus-Syndrom,sick sinus syndrome,sick-sinus-syndrom,11
CARDIO_001042,MRIs,MRT-Untersuchungen,mris,mrt-untersuchungen,9
CARDIO_001043,panic attack,Panikattacke,panic attack,panikattacke,5
CARDIO_001044,UNSTABLE ANGINA,INSTABILE ANGINA,unstable angina,instabile angina,2
CARDIO_001045,ANGINA PECTORIS,ANGINA PECTORIS,angina pectoris,angina pectoris,2
CARDIO_001046,intra - arterial,intra – arteriell,intra - arterial,intra – arteriell,3
CARDIO_001047,CIRCULATION,KREISLAUF,circulation,kreislauf,4
CARDIO_001048,monitors,Monitore,monitors,monitore,1
CARDIO_001049,ventricular tachycardia,Ventrikuläre Tachykardie,ventricular tachycardia,ventrikuläre tachykardie,41
CARDIO_001050,CARDIAC PORTION OF THE,HERZABTEIL DES,cardiac portion of the,herzabteil des,1
CARDIO_001051,bacterial endocarditis,Bakterielle Endokarditis,bacterial endocarditis,bakterielle endokarditis,2
CARDIO_001052,renovascular,renovaskulär,renovascular,renovaskulär,2
CARDIO_001053,simvastatin,Simvastatin,simvastatin,simvastatin,2
CARDIO_001054,ENCEPHALOMALACIA,ENCEPHALOMALACIE,encephalomalacia,encephalomalacie,3
CARDIO_001055,femoral veins,Oberschenkelvenen,femoral veins,oberschenkelvenen,1
CARDIO_001056,AV node,AV-Knoten,av node,av-knoten,4
CARDIO_001057,isoproterenol,Isoproterenol,isoproterenol,isoproterenol,6
CARDIO_001058,mitral valve,Mitralklappe,mitral valve,mitralklappe,64
CARDIO_001059,tricuspid regurgitation,Trikuspidalinsuffizienz,tricuspid regurgitation,trikuspidalinsuffizienz,31
CARDIO_001060,pulmonic regurgitation,Pulmonalinsuffizienz,pulmonic regurgitation,pulmonalinsuffizienz,4
CARDIO_001061,left atrial enlargement,Vergrößerung des linken Vorhofs,left atrial enlargement,vergrößerung des linken vorhofs,6
CARDIO_001062,EF,EF,ef,ef,21
CARDIO_001063,pericardium,Perikard,pericardium,perikard,9
CARDIO_001064,Troponins,Troponine,troponins,troponine,1
CARDIO_001065,ARB,ARB,arb,arb,9
CARDIO_001066,BB,BB,bb,bb,1
CARDIO_001067,BNP,BNP,bnp,bnp,13
CARDIO_001068,HDL,HDL,hdl,hdl,6
CARDIO_001069,VLDL,VLDL,vldl,vldl,1
CARDIO_001070,isosorbide,Isosorbid,isosorbide,isosorbid,10
CARDIO_001071,LVAD,LVAD,lvad,lvad,25
CARDIO_001072,echocardiographic,echokardiographisch,echocardiographic,echokardiographisch,1
CARDIO_001073,Transthoracic Echocardiogram,Transthorakales Echokardiogramm,transthoracic echocardiogram,transthorakales echokardiogramm,2
CARDIO_001074,Aortic Root,Aortenwurzel,aortic root,aortenwurzel,3
CARDIO_001075,Systolic Diameter,systolischer Durchmesser,systolic diameter,systolischer durchmesser,1
CARDIO_001076,Atrium,Vorhof,atrium,vorhof,1
CARDIO_001077,Diastolic,Diastolisch,diastolic,diastolisch,4
CARDIO_001078,Aortic,Aorta,aortic,aorta,1
CARDIO_001079,Atrium,Vorhof,atrium,vorhof,1
CARDIO_001080,bumex,Bumex,bumex,bumex,2
CARDIO_001081,Lanoxin,Lanoxin,lanoxin,lanoxin,9
CARDIO_001082,isosorbide mononitrate,Isosorbidmononitrat,isosorbide mononitrate,isosorbidmononitrat,15
CARDIO_001083,CAROTID ARTERY,Halsschlagader,carotid artery,halsschlagader,2
CARDIO_001084,VASCULAR DISEASE,GEFÄSSERKRANKUNG,vascular disease,gefässerkrankung,1
CARDIO_001085,RESTENOSIS,RESTENOSE,restenosis,restenose,1
CARDIO_001086,PRIMARY TEAM,PRIMÄRTEAM,primary team,primärteam,1
CARDIO_001087,DISSECTION,DISSEKTION,dissection,dissektion,3
CARDIO_001088,MB - CPK,MB – CPK,mb - cpk,mb – cpk,1
CARDIO_001089,DESCENDING THORACIC AORTA,ABSTEIGENDE THORAKALE AORTA,descending thoracic aorta,absteigende thorakale aorta,3
CARDIO_001090,PULMONARY ARTERY,Lungenarterie,pulmonary artery,lungenarterie,11
CARDIO_001091,TORSADES DE POINTES,TORSADES DE POINTES,torsades de pointes,torsades de pointes,1
CARDIO_001092,Toprol XL,Toprol XL,toprol xl,toprol xl,7
CARDIO_001093,Ace,Ace,ace,ace,1
CARDIO_001094,palpitations,Herzklopfen,palpitations,herzklopfen,27
CARDIO_001095,SVT,SVT,svt,svt,15
CARDIO_001096,pacemaker dysfunction,Funktionsstörung des Herzschrittmachers,pacemaker dysfunction,funktionsstörung des herzschrittmachers,1
CARDIO_001097,PRINIVIL,PRINIVIL,prinivil,prinivil,6
CARDIO_001098,Epithelial cells,Epithelzellen,epithelial cells,epithelzellen,2
CARDIO_001099,epithelial,Epithel,epithelial,epithel,13
CARDIO_001100,lupus anticoagulant,Lupus-Antikoagulans,lupus anticoagulant,lupus-antikoagulans,13
CARDIO_001101,aortic aneurysm,Aortenaneurysma,aortic aneurysm,aortenaneurysma,13
CARDIO_001102,Abdominal aortic aneurysm,Bauchaortenaneurysma,abdominal aortic aneurysm,bauchaortenaneurysma,2
CARDIO_001103,CAVOATRIAL JUNCTION,CAVOATRIALE VERBINDUNG,cavoatrial junction,cavoatriale verbindung,5
CARDIO_001104,SUBCLAVIAN,SUBCLAVIAN,subclavian,subclavian,3
CARDIO_001105,Timolol maleate,Timololmaleat,timolol maleate,timololmaleat,1
CARDIO_001106,thyrotoxic,thyreotoxisch,thyrotoxic,thyreotoxisch,1
CARDIO_001107,cardiovascular,kardiovaskulär,cardiovascular,kardiovaskulär,24
CARDIO_001108,atrium,Vorhof,atrium,vorhof,12
CARDIO_001109,His,His,his,his,2
CARDIO_001110,right ventricular,rechtsventrikulär,right ventricular,rechtsventrikulär,49
CARDIO_001111,outflow tract,Ausflusstrakt,outflow tract,ausflusstrakt,4
CARDIO_001112,pacing threshold,Stimulationsschwelle,pacing threshold,stimulationsschwelle,8
CARDIO_001113,AORTIC VALVE,Aortenklappe,aortic valve,aortenklappe,8
CARDIO_001114,leads,Elektroden,leads,elektroden,29
CARDIO_001115,tpa,tpa,tpa,tpa,1
CARDIO_001116,cva,cva,cva,cva,2
CARDIO_001117,Afib,Vorhofflimmern,afib,vorhofflimmern,13
CARDIO_001118,CABG,CABG,cabg,cabg,62
CARDIO_001119,pulses,Pulse,pulses,pulse,1
CARDIO_001120,radial pulse,Radialpuls,radial pulse,radialpuls,2
CARDIO_001121,Trilogy,Trilogie,trilogy,trilogie,1
CARDIO_001122,left bundle branch block,Linksschenkelblock,left bundle branch block,linksschenkelblock,8
CARDIO_001123,wedge,Wedge,wedge,wedge,8
CARDIO_001124,AV,AV,av,av,2
CARDIO_001125,Technetium-99 MAA,Technetium-99-MAA,technetium-99 maa,technetium-99-maa,1
CARDIO_001126,vascular load,Gefäßlast,vascular load,gefäßlast,2
CARDIO_001127,aortic valve replacement,Aortenklappenersatz,aortic valve replacement,aortenklappenersatz,24
CARDIO_001128,PR,PR,pr,pr,2
CARDIO_001129,epinephrine,Adrenalin,epinephrine,adrenalin,23
CARDIO_001130,Tendril,Tendril,tendril,tendril,1
CARDIO_001131,intramyocardial,intramyokardial,intramyocardial,intramyokardial,1
CARDIO_001132,AV block,AV-Block,av block,av-block,5
CARDIO_001133,BALLOON ANGIOPLASTIED,BALLONANGIOPLASTIK,balloon angioplastied,ballonangioplastik,1
CARDIO_001134,LAD,LAD,lad,lad,55
CARDIO_001135,ventricular,ventrikulär,ventricular,ventrikulär,12
CARDIO_001136,led,led,led,led,7
CARDIO_001137,intraventricular,intraventrikulär,intraventricular,intraventrikulär,6
CARDIO_001138,Ebstein 's anomaly,Ebstein-Anomalie,ebstein 's anomaly,ebstein-anomalie,1
CARDIO_001139,normal pressure hydrocephaly,Normaldruckhydrozephalus,normal pressure hydrocephaly,normaldruckhydrozephalus,1
CARDIO_001140,Atrial Fibrillation,Vorhofflimmern,atrial fibrillation,vorhofflimmern,3
CARDIO_001141,bisoprolol,Bisoprolol,bisoprolol,bisoprolol,1
CARDIO_001142,pHTN,pHTN,phtn,phtn,2
CARDIO_001143,AV,AV,av,av,12
CARDIO_001144,bundle branch block,Schenkelblock,bundle branch block,schenkelblock,9
CARDIO_001145,titration,Titration,titration,titration,10
CARDIO_001146,restrictive cardiomyopathy,restriktive Kardiomyopathie,restrictive cardiomyopathy,restriktive kardiomyopathie,2
CARDIO_001147,LVH,LVH,lvh,lvh,15
CARDIO_001148,contrictive pericardial,konstriktive Perikarditis,contrictive pericardial,konstriktive perikarditis,1
CARDIO_001149,cardiomyopathy,Kardiomyopathie,cardiomyopathy,kardiomyopathie,37
CARDIO_001150,tachydysrhythmias,Tachydysrhythmien,tachydysrhythmias,tachydysrhythmien,1
CARDIO_001151,pulmonary fibrosis,Lungenfibrose,pulmonary fibrosis,lungenfibrose,30
CARDIO_001152,diastolic dysfunction,diastolische Dysfunktion,diastolic dysfunction,diastolische dysfunktion,15
CARDIO_001153,murmurs,Herzgeräusche,murmurs,herzgeräusche,2
CARDIO_001154,nonischemic cardiomyopathy,nicht-ischämische Kardiomyopathie,nonischemic cardiomyopathy,nicht-ischämische kardiomyopathie,5
CARDIO_001155,tetralogy of Fallot,Fallot-Tetralogie,tetralogy of fallot,fallot-tetralogie,4
CARDIO_001156,heart murmur,Herzgeräusch,heart murmur,herzgeräusch,4
CARDIO_001157,AAA,AAA,aaa,aaa,8
CARDIO_001158,abdominal aortic aneurysm,Bauchaortenaneurysma,abdominal aortic aneurysm,bauchaortenaneurysma,23
CARDIO_001159,atrial flutter,Vorhofflattern,atrial flutter,vorhofflattern,18
CARDIO_001160,Plavix,Plavix,plavix,plavix,1
CARDIO_001161,200,200,200,200,1
CARDIO_001162,AVR,AVR,avr,avr,7
CARDIO_001163,AV,AV,av,av,1
CARDIO_001164,arrhythmic,arrhythmisch,arrhythmic,arrhythmisch,1
CARDIO_001165,blood,Blut,blood,blut,1
CARDIO_001166,vasculopathy,Vaskulopathie,vasculopathy,vaskulopathie,6
CARDIO_001167,IV,IV,iv,iv,1
CARDIO_001168,VITALS,Vitalparameter,vitals,vitalparameter,1
CARDIO_001169,102 ;,102 ;,102 ;,102 ;,1
CARDIO_001170,sounds,Geräusche,sounds,geräusche,1
CARDIO_001171,50mcg,50 mcg,50mcg,50 mcg,1
CARDIO_001172,labetalol,Labetalol,labetalol,labetalol,1
CARDIO_001173,antiarrhythmics,Antiarrhythmika,antiarrhythmics,antiarrhythmika,2
CARDIO_001174,cardiac rhythm,Herzrhythmus,cardiac rhythm,herzrhythmus,1
CARDIO_001175,cardiopulmonary resuscitation,Herz-Lungen-Wiederbelebung,cardiopulmonary resuscitation,herz-lungen-wiederbelebung,2
CARDIO_001176,dietary sodium,Natrium in der Ernährung,dietary sodium,natrium in der ernährung,1
CARDIO_001177,arterial,arteriell,arterial,arteriell,1
CARDIO_001178,venous phase,venöse Phase,venous phase,venöse phase,4
CARDIO_001179,ASPIRIN,ASPIRIN,aspirin,aspirin,36
CARDIO_001180,CLONIDINE,CLONIDIN,clonidine,clonidin,2
CARDIO_001181,ATHEROSCLEROTIC DISEASE,ATHEROSKLEROTISCHE ERKRANKUNG,atherosclerotic disease,atherosklerotische erkrankung,9
CARDIO_001182,VASCULOPATHY,VASKULOPATHIE,vasculopathy,vaskulopathie,1
CARDIO_001183,arteriovenous malformations,Arteriovenöse Malformationen,arteriovenous malformations,arteriovenöse malformationen,2
CARDIO_001184,atrial septum,Vorhofseptum,atrial septum,vorhofseptum,3
CARDIO_001185,celiac artery,Truncus coeliacus,celiac artery,truncus coeliacus,5
CARDIO_001186,CVP,CVP,cvp,cvp,8
CARDIO_001187,nonreperfusion,Nichtreperfusion,nonreperfusion,nichtreperfusion,1
CARDIO_001188,reperfused,reperfundiert,reperfused,reperfundiert,1
CARDIO_001189,bigeminy,Bigeminie,bigeminy,bigeminie,1
CARDIO_001190,second diagonal branch,zweiter diagonaler Ast,second diagonal branch,zweiter diagonaler ast,2
CARDIO_001191,left ventricular cavity dilation,Dilatation der linken Ventrikelhöhle,left ventricular cavity dilation,dilatation der linken ventrikelhöhle,1
CARDIO_001192,atherosclerotic disease,atherosklerotische Erkrankung,atherosclerotic disease,atherosklerotische erkrankung,15
CARDIO_001193,valvular disease,Klappenerkrankung,valvular disease,klappenerkrankung,9
CARDIO_001194,pulmonary stenosis,Pulmonalstenose,pulmonary stenosis,pulmonalstenose,2
CARDIO_001195,QT,QT,qt,qt,7
CARDIO_001196,Brugada syndrome,Brugada-Syndrom,brugada syndrome,brugada-syndrom,2
CARDIO_001197,parietal pericardium,Parietalperikard,parietal pericardium,parietalperikard,1
CARDIO_001198,TRICUSPID VALVE,Trikuspidalklappe,tricuspid valve,trikuspidalklappe,9
CARDIO_001199,PULMONARY ARTERY SYSTOLIC PRESSURE,SYSTOLISCHER DRUCK IN DER LUNGENARTERIE,pulmonary artery systolic pressure,systolischer druck in der lungenarterie,9
CARDIO_001200,posterior annulus,posteriorer Anulus,posterior annulus,posteriorer anulus,3
CARDIO_001201,leaflets,Klappensegel,leaflets,klappensegel,15
CARDIO_001202,left internal mammary artery,linke innere Brustarterie,left internal mammary artery,linke innere brustarterie,18
CARDIO_001203,atrial enlargement,Vorhofvergrößerung,atrial enlargement,vorhofvergrößerung,7
CARDIO_001204,dorsalis pedis,Dorsalis pedis,dorsalis pedis,dorsalis pedis,13
CARDIO_001205,claudication,Claudicatio,claudication,claudicatio,8
CARDIO_001206,cusp,Segel,cusp,segel,2
CARDIO_001207,shepherd 's crook,Hirtenstab,shepherd 's crook,hirtenstab,2
CARDIO_001208,short RP tachycardia,kurze RP-Tachykardie,short rp tachycardia,kurze rp-tachykardie,1
CARDIO_001209,circumflex,Circumflex,circumflex,circumflex,12
CARDIO_001210,ventricular septal defect,Ventrikelseptumdefekt,ventricular septal defect,ventrikelseptumdefekt,5
CARDIO_001211,atherosclerotic,atherosklerotisch,atherosclerotic,atherosklerotisch,36
CARDIO_001212,arch,Aortenbogen,arch,aortenbogen,14
CARDIO_001213,acute myocardial infarction,akuter Myokardinfarkt,acute myocardial infarction,akuter myokardinfarkt,9
CARDIO_001214,normal pressure hydrocephalus,Normaldruckhydrozephalus,normal pressure hydrocephalus,normaldruckhydrozephalus,2
CARDIO_001215,iliac artery,Hüftarterie,iliac artery,hüftarterie,10
CARDIO_001216,esophagogastric,ösophagogastrisch,esophagogastric,ösophagogastrisch,1
CARDIO_001217,interventricular septum,Ventrikelseptum,interventricular septum,ventrikelseptum,3
CARDIO_001218,atrial septal,Vorhofseptum,atrial septal,vorhofseptum,1
CARDIO_001219,gastroesophageal junction,gastroösophagealer Übergang,gastroesophageal junction,gastroösophagealer übergang,8
CARDIO_001220,cardiac portion of the stomach,Kardia des Magens,cardiac portion of the stomach,kardia des magens,1
CARDIO_001221,pulmonary artery systolic pressure,systolischer Druck in der Lungenarterie,pulmonary artery systolic pressure,systolischer druck in der lungenarterie,4
CARDIO_001222,VENTRICULAR,VENTRIKULÄR,ventricular,ventrikulär,17
CARDIO_001223,subclavian,Subclavia,subclavian,subclavia,9
CARDIO_001224,AORTIC,AORTAL,aortic,aortal,12
CARDIO_001225,REGURGITATION,REGURGITATION,regurgitation,regurgitation,4
CARDIO_001226,ventricular hypertrophy,Ventrikelhypertrophie,ventricular hypertrophy,ventrikelhypertrophie,5
CARDIO_001227,micro-vascular ischemia,mikrovaskuläre Ischämie,micro-vascular ischemia,mikrovaskuläre ischämie,1
CARDIO_001228,SUBCLAVIAN VEIN,VENA SUBCLAVIA,subclavian vein,vena subclavia,2
CARDIO_001229,anterior communicating artery,vordere verbindende Arterie,anterior communicating artery,vordere verbindende arterie,5
CARDIO_001230,mitral valves,Mitralklappen,mitral valves,mitralklappen,1
CARDIO_001231,wide - complex sinus rhythm,breit – komplexer Sinusrhythmus,wide - complex sinus rhythm,breit – komplexer sinusrhythmus,1
CARDIO_001232,transesophageal echocardiogram,transösophageales Echokardiogramm,transesophageal echocardiogram,transösophageales echokardiogramm,11
CARDIO_001233,V - tach,V-Tach,v - tach,v-tach,1
CARDIO_001234,ocellar nodes,Ocellare Knoten,ocellar nodes,ocellare knoten,1
CARDIO_001235,left ventricular outflow tract,linker ventrikulärer Ausflusstrakt,left ventricular outflow tract,linker ventrikulärer ausflusstrakt,1
CARDIO_001236,Brockenbrough,Brockenbrough,brockenbrough,brockenbrough,1
CARDIO_001237,Q - waves,Q-Wellen,q - waves,q-wellen,1
CARDIO_001238,HYPERTENSIVE,HYPERTENSIV,hypertensive,hypertensiv,1
CARDIO_001239,mitral annular calcification,Mitralanulus-Kalzifikation,mitral annular calcification,mitralanulus-kalzifikation,5
CARDIO_001240,lateral ventricle,Seitenventrikel,lateral ventricle,seitenventrikel,5
CARDIO_001241,coronary artery,Koronararterie,coronary artery,koronararterie,11
CARDIO_001242,arthrosclerosis,Arthrosklerose,arthrosclerosis,arthrosklerose,1
CARDIO_001243,microvascular disease,mikrovaskuläre Erkrankung,microvascular disease,mikrovaskuläre erkrankung,5
CARDIO_001244,pulmonary vein,Lungenvene,pulmonary vein,lungenvene,1
CARDIO_001245,AI,Aorteninsuffizienz,ai,aorteninsuffizienz,2
CARDIO_001246,pulmonary atrial pressure,Lungenvorhofdruck,pulmonary atrial pressure,lungenvorhofdruck,1
CARDIO_001247,MITRAL,MITRAL,mitral,mitral,9
CARDIO_001248,TRICUSPID REGURGITATION,TRICUSPIDALINSUFFIZIENZ,tricuspid regurgitation,tricuspidalinsuffizienz,7
CARDIO_001249,PULMONARY HYPERTENSION,pulmonale Hypertonie,pulmonary hypertension,pulmonale hypertonie,11
CARDIO_001250,SVC,SVC,svc,svc,22
CARDIO_001251,hyperdynamic,hyperdynamisch,hyperdynamic,hyperdynamisch,3
CARDIO_001252,left ventricular hypertrophy,Linksventrikuläre Hypertrophie,left ventricular hypertrophy,linksventrikuläre hypertrophie,13
CARDIO_001253,ATRIUM,VORHOF,atrium,vorhof,5
CARDIO_001254,VALVULAR DISEASE,KLAPPENERKRANKUNG,valvular disease,klappenerkrankung,1
CARDIO_001255,vascular,vaskulär,vascular,vaskulär,1
CARDIO_001256,cavernous carotid,Kavernös-Karotid-Syndrom,cavernous carotid,kavernös-karotid-syndrom,1
CARDIO_001257,MRIs,MRT-Untersuchungen,mris,mrt-untersuchungen,4
CARDIO_001258,VA,VA,va,va,1
CARDIO_001259,LEFT VENTRICULAR HYPERTROPHY,HYPERTROPHIE DES LINKEN VENTRIKELS,left ventricular hypertrophy,hypertrophie des linken ventrikels,3
CARDIO_001260,SHORTENING FRACTION,VERKÜRZUNGSFRACTION,shortening fraction,verkürzungsfraction,1
CARDIO_001261,cardiac silhouette,Herzsilhouette,cardiac silhouette,herzsilhouette,6
CARDIO_001262,pulmonary arteries,Lungenarterien,pulmonary arteries,lungenarterien,16
CARDIO_001263,submitral,submitral,submitral,submitral,1
CARDIO_001264,fat saturation,Fettsättigung,fat saturation,fettsättigung,6
CARDIO_001265,NG,NG,ng,ng,7
CARDIO_001266,atrial septal aneurysm,Vorhofseptumaneurysma,atrial septal aneurysm,vorhofseptumaneurysma,1
CARDIO_001267,hemopericardium,Hämoperikard,hemopericardium,hämoperikard,3
CARDIO_001268,esophagogastric junction,Ösophagogastrischer Übergang,esophagogastric junction,ösophagogastrischer übergang,1
CARDIO_001269,pneumopericardium,Pneumoperikard,pneumopericardium,pneumoperikard,1
CARDIO_001270,artifactual,artefaktisch,artifactual,artefaktisch,2
CARDIO_001271,splenorenal,splenorenal,splenorenal,splenorenal,1
CARDIO_001272,ISCHEMIA,ISCHÄMIE,ischemia,ischämie,27
CARDIO_001273,innominate,innominate,innominate,innominate,1
CARDIO_001274,CHORDAE,CHORDAE,chordae,chordae,1
CARDIO_001275,Eisenmenger 's,Eisenmenger-Syndrom,eisenmenger 's,eisenmenger-syndrom,1
CARDIO_001276,heart attack,Herzinfarkt,heart attack,herzinfarkt,11
CARDIO_001277,QT,QT,qt,qt,8
CARDIO_001278,PRES,PRES,pres,pres,2
CARDIO_001279,posterior reversible encephalopathy syndrome,posteriores reversibles Enzephalopathie-Syndrom,posterior reversible encephalopathy syndrome,posteriores reversibles enzephalopathie-syndrom,1
CARDIO_001280,nonsignificant,nicht signifikant,nonsignificant,nicht signifikant,1
CARDIO_001281,Q wave,Q-Welle,q wave,q-welle,1
CARDIO_001282,eustachian,Eustachische,eustachian,eustachische,1
CARDIO_001283,small vessel,Kleingefäße,small vessel,kleingefäße,2
CARDIO_001284,leaflet,Klappensegel,leaflet,klappensegel,11
CARDIO_001285,right ventricle,rechter Ventrikel,right ventricle,rechter ventrikel,24
CARDIO_001286,IJ catheter,IJ-Katheter,ij catheter,ij-katheter,2
CARDIO_001287,moderator,Moderator,moderator,moderator,1
CARDIO_001288,eustachian valve,Eustachische Klappe,eustachian valve,eustachische klappe,1
CARDIO_001289,projection,Projektion,projection,projektion,4
CARDIO_001290,bioprosthetic valve,bioprothetische Herzklappe,bioprosthetic valve,bioprothetische herzklappe,1
CARDIO_001291,pulmonary vascular congestion,Lungenvenenstau,pulmonary vascular congestion,lungenvenenstau,5
CARDIO_001292,aortocoronary bypass,aortokoronarer Bypass,aortocoronary bypass,aortokoronarer bypass,2
CARDIO_001293,anterior cerebral artery,vordere Hirnarterie,anterior cerebral artery,vordere hirnarterie,4
CARDIO_001294,nonspecific finding,unspezifischer Befund,nonspecific finding,unspezifischer befund,2
CARDIO_001295,valvular,valvulär,valvular,valvulär,15
CARDIO_001296,regurgitations,Regurgitationen,regurgitations,regurgitationen,1
CARDIO_001297,embolic infarcts,Embolische Infarkte,embolic infarcts,embolische infarkte,1
CARDIO_001298,PACEMAKER,Herzschrittmacher,pacemaker,herzschrittmacher,7
CARDIO_001299,V2,V2,v2,v2,5
CARDIO_001300,interstitial pulmonary fibrosis,interstitielle Lungenfibrose,interstitial pulmonary fibrosis,interstitielle lungenfibrose,1
CARDIO_001301,portal hypertension,portale Hypertonie,portal hypertension,portale hypertonie,25
CARDIO_001302,aortopulmonary window,Aortopulmonales Fenster,aortopulmonary window,aortopulmonales fenster,1
CARDIO_001303,R - wave,R-Welle,r - wave,r-welle,1
CARDIO_001304,acute,akut,acute,akut,1
CARDIO_001305,THRESHOLD,SCHWELLWERT,threshold,schwellwert,1
CARDIO_001306,warm ischemia time,Warm-Ischämie-Zeit,warm ischemia time,warm-ischämie-zeit,3
CARDIO_001307,cycle length,Zykluslänge,cycle length,zykluslänge,8
CARDIO_001308,ventricular assist device,Herzunterstützungssystem,ventricular assist device,herzunterstützungssystem,8
CARDIO_001309,ventricles,Herzkammern,ventricles,herzkammern,4
CARDIO_001310,commissural stay,Kommissuralnaht,commissural stay,kommissuralnaht,1
CARDIO_001311,rheumatic fever,Rheumatisches Fieber,rheumatic fever,rheumatisches fieber,8
CARDIO_001312,Virtuoso DR model,Virtuoso DR-Modell,virtuoso dr model,virtuoso dr-modell,1
CARDIO_001313,celiac,Truncus coeliacus,celiac,truncus coeliacus,7
CARDIO_001314,tricuspid valve,Trikuspidalklappe,tricuspid valve,trikuspidalklappe,12
CARDIO_001315,tricuspidal,Trikuspidalklappe,tricuspidal,trikuspidalklappe,1
CARDIO_001316,annuloplasty,Anuloplastik,annuloplasty,anuloplastik,12
CARDIO_001317,tricuspid valve replacement,Tricuspidalklappenersatz,tricuspid valve replacement,tricuspidalklappenersatz,1
CARDIO_001318,TRICUSPID,TRICUSPID,tricuspid,tricuspid,1
CARDIO_001319,SYSTOLIC,SYSTOLISCH,systolic,systolisch,14
CARDIO_001320,ST elevation,ST-Hebung,st elevation,st-hebung,5
CARDIO_001321,atrio caval,Atrio-Caval,atrio caval,atrio-caval,1
CARDIO_001322,Marfan 's syndrome,Marfan-Syndrom,marfan 's syndrome,marfan-syndrom,1
CARDIO_001323,STRESS TEST,STRESS-TEST,stress test,stress-test,7
CARDIO_001324,electrograms,Elektrogramme,electrograms,elektrogramme,3
CARDIO_001325,ventricular,ventrikulär,ventricular,ventrikulär,1
CARDIO_001326,paroxysm,Paroxysmus,paroxysm,paroxysmus,1
CARDIO_001327,Swan - Ganz catheter,Swan-Ganz-Katheter,swan - ganz catheter,swan-ganz-katheter,9
CARDIO_001328,OM-1,OM-1,om-1,om-1,2
CARDIO_001329,OM-2,OM-2,om-2,om-2,1
CARDIO_001330,TIMI,TIMI,timi,timi,3
CARDIO_001331,palmar arch,Handwurzelbogen,palmar arch,handwurzelbogen,2
CARDIO_001332,EJECTION FRACTION,Ejektionsfraktion,ejection fraction,ejektionsfraktion,16
CARDIO_001333,ventricular fib,Kammerflimmern,ventricular fib,kammerflimmern,1
CARDIO_001334,STRESS SPECT,STRESS-SPECT,stress spect,stress-spect,2
CARDIO_001335,circumflex coronary artery,Circumflex-Koronararterie,circumflex coronary artery,circumflex-koronararterie,6
CARDIO_001336,malignant hypertension,maligne Hypertonie,malignant hypertension,maligne hypertonie,2
CARDIO_001337,sinotubular junction,sinotubulärer Übergang,sinotubular junction,sinotubulärer übergang,4
CARDIO_001338,serosal,Serosa,serosal,serosa,1
CARDIO_001339,PDA,PDA,pda,pda,8
CARDIO_001340,QRSs,QRS-Komplexe,qrss,qrs-komplexe,1
CARDIO_001341,obtuse marginal,obtuse marginal,obtuse marginal,obtuse marginal,8
CARDIO_001342,RPLA,RPLA,rpla,rpla,1
CARDIO_001343,R - wave,R-Welle,r - wave,r-welle,1
CARDIO_001344,right internal mammary,rechte innere Brustarterie,right internal mammary,rechte innere brustarterie,1
CARDIO_001345,preaortic,präaortaler,preaortic,präaortaler,1
CARDIO_001346,stress,Belastung,stress,belastung,1
CARDIO_001347,COMPLEX,KOMPLEX,complex,komplex,1
CARDIO_001348,TACHYARRHYTHMIA,TACHYARRHYTHMIE,tachyarrhythmia,tachyarrhythmie,1
CARDIO_001349,PDA,PDA,pda,pda,6
CARDIO_001350,defibrillating,Defibrillieren,defibrillating,defibrillieren,1
CARDIO_001351,water hammer,Wasserschlag,water hammer,wasserschlag,1
CARDIO_001352,pulmonary wedge pressure,Lungenkeildruck,pulmonary wedge pressure,lungenkeildruck,1
CARDIO_001353,PA,PA,pa,pa,3
CARDIO_001354,end diastolic volume,enddiastolisches Volumen,end diastolic volume,enddiastolisches volumen,2
CARDIO_001355,end systolic volume,endsystolisches Volumen,end systolic volume,endsystolisches volumen,2
CARDIO_001356,pulmonic artery,Pulmonalarterie,pulmonic artery,pulmonalarterie,1
CARDIO_001357,pulmonic valve,Pulmonalklappe,pulmonic valve,pulmonalklappe,3
CARDIO_001358,diastolic,diastolisch,diastolic,diastolisch,8
CARDIO_001359,pulmonary arterial hypertension,pulmonale arterielle Hypertonie,pulmonary arterial hypertension,pulmonale arterielle hypertonie,2
CARDIO_001360,biventricular,biventrikulär,biventricular,biventrikulär,13
CARDIO_001361,Tetralogy of Fallot,Fallot-Tetralogie,tetralogy of fallot,fallot-tetralogie,2
CARDIO_001362,pulmonary,pulmonal,pulmonary,pulmonal,1
CARDIO_001363,congestive,kongestiv,congestive,kongestiv,1
CARDIO_001364,advanced life support,erweiterte Lebenserhaltungsmaßnahmen,advanced life support,erweiterte lebenserhaltungsmaßnahmen,1
CARDIO_001365,central lines,Zentralvenenkatheter,central lines,zentralvenenkatheter,1
CARDIO_001366,common iliac artery,gemeinsame Beckenarterie,common iliac artery,gemeinsame beckenarterie,6
CARDIO_001367,artifacts,Artefakte,artifacts,artefakte,7
CARDIO_001368,leading,führend,leading,führend,14
CARDIO_001369,vagus nerve,Vagusnerv,vagus nerve,vagusnerv,2
CARDIO_001370,plaques,Plaques,plaques,plaques,2
CARDIO_001371,aneurysms,Aneurysmen,aneurysms,aneurysmen,2
CARDIO_001372,coronary artery bypass grafting,Koronararterien-Bypass-Operation,coronary artery bypass grafting,koronararterien-bypass-operation,26
CARDIO_001373,venae comitantes,venae comitantes,venae comitantes,venae comitantes,1
CARDIO_001374,atherosclerosis,Atherosklerose,atherosclerosis,atherosklerose,9
CARDIO_001375,coronary artery .,Koronararterie.,coronary artery .,koronararterie.,6
CARDIO_001376,tricuspid regurgitant,Trikuspidalinsuffizienz,tricuspid regurgitant,trikuspidalinsuffizienz,1
CARDIO_001377,Avalide,Avalide,avalide,avalide,4
CARDIO_001378,Arrhythmia,Arrhythmie,arrhythmia,arrhythmie,1
CARDIO_001379,AORTA,AORTA,aorta,aorta,13
CARDIO_001380,AV fistula,AV-Fistel,av fistula,av-fistel,11
CARDIO_001381,VF,VF,vf,vf,2
CARDIO_001382,cardiopulmonary bypass,kardiopulmonaler Bypass,cardiopulmonary bypass,kardiopulmonaler bypass,3
CARDIO_001383,AVRT,AVRT,avrt,avrt,1
CARDIO_001384,AV fistula,AV-Fistel,av fistula,av-fistel,1
CARDIO_001385,electrophysiology study,Elektrophysiologische Untersuchung,electrophysiology study,elektrophysiologische untersuchung,6
CARDIO_001386,palpable,tastbar,palpable,tastbar,1
CARDIO_001387,arteriosclerotic,arteriosklerotisch,arteriosclerotic,arteriosklerotisch,10
CARDIO_001388,Cushing syndrome,Cushing-Syndrom,cushing syndrome,cushing-syndrom,2
CARDIO_001389,cerebral angiography,zerebrale Angiographie,cerebral angiography,zerebrale angiographie,2
CARDIO_001390,Cardiology,Kardiologie,cardiology,kardiologie,36
CARDIO_001391,wide complex tachycardia,Tachykardie mit breitem Komplex,wide complex tachycardia,tachykardie mit breitem komplex,3
CARDIO_001392,flutter,Flutter,flutter,flutter,13
CARDIO_001393,monitored,überwacht,monitored,überwacht,7
CARDIO_001394,syncopal episodes,Synkopen,syncopal episodes,synkopen,2
CARDIO_001395,toxoplasmosis,Toxoplasmose,toxoplasmosis,toxoplasmose,3
CARDIO_001396,aspirins,Aspirin,aspirins,aspirin,1
CARDIO_001397,cardiac event recorder,Herzereignisrekorder,cardiac event recorder,herzereignisrekorder,1
CARDIO_001398,pulse,Puls,pulse,puls,11
CARDIO_001399,fibrillator,Defibrillator,fibrillator,defibrillator,1
CARDIO_001400,CHF decompensation,Herzinsuffizienz-Dekompensation,chf decompensation,herzinsuffizienz-dekompensation,1
CARDIO_001401,Coronary Care Unit,Koronarstation,coronary care unit,koronarstation,1
CARDIO_001402,electrophysiology,Elektrophysiologie,electrophysiology,elektrophysiologie,4
CARDIO_001403,TIPS,TIPS,tips,tips,1
CARDIO_001404,LIMA,LIMA,lima,lima,16
CARDIO_001405,Diagonal,Diagonale,diagonal,diagonale,2
CARDIO_001406,Ramus Intermedius,Ramus intermedius,ramus intermedius,ramus intermedius,1
CARDIO_001407,inferior wall myocardial infarction,Myokardinfarkt der unteren Herzwand,inferior wall myocardial infarction,myokardinfarkt der unteren herzwand,3
CARDIO_001408,high blood pressure,Bluthochdruck,high blood pressure,bluthochdruck,8
CARDIO_001409,TEE,TEE,tee,tee,13
CARDIO_001410,myocarditis,Myokarditis,myocarditis,myokarditis,2
CARDIO_001411,myocardial ischemia,Myokardischämie,myocardial ischemia,myokardischämie,3
CARDIO_001412,systemic inflammatory response syndrome,systemisches Entzündungsreaktionssyndrom,systemic inflammatory response syndrome,systemisches entzündungsreaktionssyndrom,2
CARDIO_001413,SVCA,SVCA,svca,svca,1
CARDIO_001414,serotonin,Serotonin,serotonin,serotonin,1
CARDIO_001415,arterial line,arterieller Zugang,arterial line,arterieller zugang,12
CARDIO_001416,surface ECG,Oberflächen-EKG,surface ecg,oberflächen-ekg,1
CARDIO_001417,pheochromocytoma,Phäochromozytom,pheochromocytoma,phäochromozytom,9
CARDIO_001418,RV,RV,rv,rv,1
CARDIO_001419,stress testing,Belastungstest,stress testing,belastungstest,1
CARDIO_001420,tissue plasminogen activator,Gewebe-Plasminogenaktivator,tissue plasminogen activator,gewebe-plasminogenaktivator,1
CARDIO_001421,left ventricular assist device,linke Ventrikelunterstützungsvorrichtung,left ventricular assist device,linke ventrikelunterstützungsvorrichtung,16
CARDIO_001422,ACE inhibitor,ACE-Hemmer,ace inhibitor,ace-hemmer,2
CARDIO_001423,hyper -,hyper -,hyper -,hyper -,1
CARDIO_001424,baby aspirin,Baby-Aspirin,baby aspirin,baby-aspirin,6
CARDIO_001425,flex - monitored bed,flex – überwachtes Bett,flex - monitored bed,flex – überwachtes bett,1
CARDIO_001426,PACs,PACs,pacs,pacs,6
CARDIO_001427,a - fib,Vorhofflimmern,a - fib,vorhofflimmern,4
CARDIO_001428,torsades,Torsades,torsades,torsades,1
CARDIO_001429,left atrial appendage,linkes Vorhofohr,left atrial appendage,linkes vorhofohr,4
CARDIO_001430,tricuspid,Trikuspidalklappe,tricuspid,trikuspidalklappe,9
CARDIO_001431,non - ST - elevation,ohne ST-Hebung,non - st - elevation,ohne st-hebung,1
CARDIO_001432,paroxysmal atrial fibrillation,paroxysmales Vorhofflimmern,paroxysmal atrial fibrillation,paroxysmales vorhofflimmern,14
CARDIO_001433,nonsustained ventricular tachycardia,nicht anhaltende ventrikuläre Tachykardie,nonsustained ventricular tachycardia,nicht anhaltende ventrikuläre tachykardie,2
CARDIO_001434,thyroid cancer,Schilddrüsenkrebs,thyroid cancer,schilddrüsenkrebs,4
CARDIO_001435,epithelial cell,Epithelzelle,epithelial cell,epithelzelle,2
CARDIO_001436,metabolic syndrome,metabolisches Syndrom,metabolic syndrome,metabolisches syndrom,2
CARDIO_001437,dilated cardiomyopathy,dilatierte Kardiomyopathie,dilated cardiomyopathy,dilatierte kardiomyopathie,4
CARDIO_001438,Remodulin,Remodulin,remodulin,remodulin,2
CARDIO_001439,aspiring,aspiring,aspiring,aspiring,1
CARDIO_001440,polycystic kidney disease,polyzystische Nierenerkrankung,polycystic kidney disease,polyzystische nierenerkrankung,3
CARDIO_001441,central lines,Zentralvenenkatheter,central lines,zentralvenenkatheter,2
CARDIO_001442,fibrillation,Fibrillation,fibrillation,fibrillation,3
CARDIO_001443,percutaneous coronary interventions,perkutane Koronarinterventionen,percutaneous coronary interventions,perkutane koronarinterventionen,1
CARDIO_001444,CVAs,CVA,cvas,cva,2
CARDIO_001445,rapid ventricular response,schnelle ventrikuläre Reaktion,rapid ventricular response,schnelle ventrikuläre reaktion,10
CARDIO_001446,Ravasio,Ravasio,ravasio,ravasio,1
CARDIO_001447,Cardiac Arrest,Herzstillstand,cardiac arrest,herzstillstand,1
CARDIO_001448,pericardicentesis,Perikardpunktion,pericardicentesis,perikardpunktion,1
CARDIO_001449,aortoiliac,aortoiliakal,aortoiliac,aortoiliakal,1
CARDIO_001450,aortic,Aorten-,aortic,aorten-,1
CARDIO_001451,mitral,Mitralklappe,mitral,mitralklappe,3
CARDIO_001452,ARTERIOVENOUS MALFORMATION,ARTERIOVENÖSE MALFORMATION,arteriovenous malformation,arteriovenöse malformation,1
CARDIO_001453,CVAs,CVA,cvas,cva,1
CARDIO_001454,resuscitative,reanimierend,resuscitative,reanimierend,1
CARDIO_001455,coronary disease,Koronarerkrankung,coronary disease,koronarerkrankung,26
CARDIO_001456,Ludwig 's angina,Ludwig-Angina,ludwig 's angina,ludwig-angina,1
CARDIO_001457,IABP,IABP,iabp,iabp,5
CARDIO_001458,hepatorenal syndrome,Hepatorenales Syndrom,hepatorenal syndrome,hepatorenales syndrom,3
CARDIO_001459,heaves,Heaves,heaves,heaves,2
CARDIO_001460,U,U,u,u,1
CARDIO_001461,arteriovenous,arteriovenös,arteriovenous,arteriovenös,7
CARDIO_001462,aVL,aVL,avl,avl,4
CARDIO_001463,PVCs,PVCs,pvcs,pvcs,10
CARDIO_001464,circumflex,Circumflex,circumflex,circumflex,1
CARDIO_001465,aortic regurgitation,Aortenklappeninsuffizienz,aortic regurgitation,aortenklappeninsuffizienz,5
CARDIO_001466,bradycardia,Bradykardie,bradycardia,bradykardie,2
CARDIO_001467,EKG,EKG,ekg,ekg,3
CARDIO_001468,T wave,T-Welle,t wave,t-welle,14
CARDIO_001469,V1,V1,v1,v1,7
CARDIO_001470,TMR,TMR,tmr,tmr,1
CARDIO_001471,carotid artery disease,Karotiserkrankung,carotid artery disease,karotiserkrankung,5
CARDIO_001472,EF,EF,ef,ef,22
CARDIO_001473,pericardial window,Perikardfenster,pericardial window,perikardfenster,3
CARDIO_001474,patch angioplasty,Patch-Angioplastie,patch angioplasty,patch-angioplastie,2
CARDIO_001475,SA-AG ratio,SA-AG-Verhältnis,sa-ag ratio,sa-ag-verhältnis,1
CARDIO_001476,sinus sick syndrome,Sinus-Sick-Syndrom,sinus sick syndrome,sinus-sick-syndrom,1
CARDIO_001477,nuclear stress test,nuklearer Belastungstest,nuclear stress test,nuklearer belastungstest,4
CARDIO_001478,hemorrhagic stroke,hämorrhagischer Schlaganfall,hemorrhagic stroke,hämorrhagischer schlaganfall,3
CARDIO_001479,paced rhythm,Schrittmacherrhythmus,paced rhythm,schrittmacherrhythmus,7
CARDIO_001480,coarctation,Koarktation,coarctation,koarktation,1
CARDIO_001481,MAXIMUM HEART RATE,MAXIMALE HERZFREQUENZ,maximum heart rate,maximale herzfrequenz,2
CARDIO_001482,MAXIMUM PREDICTED HEART RATE,MAXIMALE VORAUSSICHTLICHE HERZFREQUENZ,maximum predicted heart rate,maximale voraussichtliche herzfrequenz,1
CARDIO_001483,heart failure,Herzinsuffizienz,heart failure,herzinsuffizienz,1
CARDIO_001484,J - point elevation,J-Punkt-Anhebung,j - point elevation,j-punkt-anhebung,1
CARDIO_001485,RSR ' prime pattern,RSR-Prime-Muster,rsr ' prime pattern,rsr-prime-muster,1
CARDIO_001486,T - wave,T-Welle,t - wave,t-welle,1
CARDIO_001487,ACE inhibitors,ACE-Hemmer,ace inhibitors,ace-hemmer,3
CARDIO_001488,beta -,beta -,beta -,beta -,1
CARDIO_001489,carotid,Halsschlagader,carotid,halsschlagader,1
CARDIO_001490,disorganized cardiac,desorganisiertes Herz,disorganized cardiac,desorganisiertes herz,1
CARDIO_001491,verapamil,Verapamil,verapamil,verapamil,19
CARDIO_001492,essential hypertension,Essentielle Hypertonie,essential hypertension,essentielle hypertonie,5
CARDIO_001493,pseudopheochromocytoma,Pseudophäochromozytom,pseudopheochromocytoma,pseudophäochromozytom,1
CARDIO_001494,nephrotic syndrome,nephrotisches Syndrom,nephrotic syndrome,nephrotisches syndrom,10
CARDIO_001495,H. influenza,H. influenza,h. influenza,h. influenza,1
CARDIO_001496,tamponade,Tamponade,tamponade,tamponade,4
CARDIO_001497,Cushing disease,Cushing-Krankheit,cushing disease,cushing-krankheit,1
CARDIO_001498,femoral,femoral,femoral,femoral,6
CARDIO_001499,coronary ischemic disease,koronare ischämische Erkrankung,coronary ischemic disease,koronare ischämische erkrankung,1
CARDIO_001500,fasting lipid profile,Nüchtern-Lipidprofil,fasting lipid profile,nüchtern-lipidprofil,2
CARDIO_001501,atrioventricular block,Atrioventrikulärer Block,atrioventricular block,atrioventrikulärer block,4
CARDIO_001502,posterior,posterior,posterior,posterior,1
CARDIO_001503,early repolarization,frühe Repolarisation,early repolarization,frühe repolarisation,3
CARDIO_001504,fibrillatory,fibrillatorisch,fibrillatory,fibrillatorisch,1
CARDIO_001505,pacing impedance,Stimulationsimpedanz,pacing impedance,stimulationsimpedanz,2
CARDIO_001506,EG,EG,eg,eg,1
CARDIO_001507,Medtronic Sigma,Medtronic Sigma,medtronic sigma,medtronic sigma,1
CARDIO_001508,ventricular size,Ventrikelgröße,ventricular size,ventrikelgröße,4
CARDIO_001509,left ventricular ejection fraction,linksventrikuläre Ejektionsfraktion,left ventricular ejection fraction,linksventrikuläre ejektionsfraktion,15
CARDIO_001510,ECMO circuit,ECMO-Kreislauf,ecmo circuit,ecmo-kreislauf,2
CARDIO_001511,1,1,1,1,10
CARDIO_001512,valve prosthesis,Herzklappenprothese,valve prosthesis,herzklappenprothese,2
CARDIO_001513,ventricular system,Ventrikelsystem,ventricular system,ventrikelsystem,3
CARDIO_001514,dorsal,dorsal,dorsal,dorsal,1
CARDIO_001515,SEPTUM,SEPTUM,septum,septum,2
CARDIO_001516,endocarditic,endokarditisch,endocarditic,endokarditisch,1
CARDIO_001517,venous CABG,venöse CABG,venous cabg,venöse cabg,1
CARDIO_001518,LEFT VENTRICLE,LINKE HERZKAMMER,left ventricle,linke herzkammer,11
CARDIO_001519,internal mammary artery,Arteria mammaria interna,internal mammary artery,arteria mammaria interna,2
CARDIO_001520,internal mammary,Arteria mammaria interna,internal mammary,arteria mammaria interna,2
CARDIO_001521,left anterior descending coronary artery,linke vordere absteigende Koronararterie,left anterior descending coronary artery,linke vordere absteigende koronararterie,1
CARDIO_001522,left anterior descending,linke vordere absteigende Arterie,left anterior descending,linke vordere absteigende arterie,5
CARDIO_001523,septal perforator,Septumperforator,septal perforator,septumperforator,2
CARDIO_001524,Guidant Vitality,Guidant Vitality,guidant vitality,guidant vitality,1
CARDIO_001525,Blood,Blut,blood,blut,55
CARDIO_001526,cardiac cath,Herzkatheterisierung,cardiac cath,herzkatheterisierung,4
CARDIO_001527,osteal,osteal,osteal,osteal,1
CARDIO_001528,Kappa DR901,Kappa DR901,kappa dr901,kappa dr901,1
CARDIO_001529,Medtronics 4074,Medtronic 4074,medtronics 4074,medtronic 4074,1
CARDIO_001530,intraatrial,intraatrial,intraatrial,intraatrial,1
CARDIO_001531,intraatrial,intraatrial,intraatrial,intraatrial,1
CARDIO_001532,DIASTOLIC,DIASTOLISCH,diastolic,diastolisch,6
CARDIO_001533,atheromatous,atheromatös,atheromatous,atheromatös,9
CARDIO_001534,Holter,Holter,holter,holter,5
CARDIO_001535,pulmonary artery pressure,Lungenarteriendruck,pulmonary artery pressure,lungenarteriendruck,7
CARDIO_001536,defibrillated,defibrilliert,defibrillated,defibrilliert,2
CARDIO_001537,hepatic vein wedge pressure,Hepatovenöser Keildruck,hepatic vein wedge pressure,hepatovenöser keildruck,1
CARDIO_001538,ATROPHY,ATROPHIE,atrophy,atrophie,12
CARDIO_001539,QUADRILATERAL SPACE,QUADRILATERALER RAUM,quadrilateral space,quadrilateraler raum,1
CARDIO_001540,refractory anemia with ringed,refraktäre Anämie mit Ringzellen,refractory anemia with ringed,refraktäre anämie mit ringzellen,1
CARDIO_001541,preventricle,Vorkammer,preventricle,vorkammer,1
CARDIO_001542,antiarrhythmics,Antiarrhythmika,antiarrhythmics,antiarrhythmika,3
CARDIO_001543,bradycardic,bradykardisch,bradycardic,bradykardisch,3
CARDIO_001544,preload,Vorlast,preload,vorlast,5
CARDIO_001545,MITRAL VALVE,Mitralklappe,mitral valve,mitralklappe,12
CARDIO_001546,Swanz - Ganz catheter,Swanz-Ganz-Katheter,swanz - ganz catheter,swanz-ganz-katheter,1
CARDIO_001547,P - R interval,P-R-Intervall,p - r interval,p-r-intervall,6
CARDIO_001548,QTc,QTc,qtc,qtc,7
CARDIO_001549,LVOT,LVOT,lvot,lvot,3
CARDIO_001550,Chagas disease,Chagas-Krankheit,chagas disease,chagas-krankheit,1
CARDIO_001551,endocardial,endokardial,endocardial,endokardial,4
CARDIO_001552,anginal,anginal,anginal,anginal,5
CARDIO_001553,autonomic dysreflexia,autonome Dysreflexie,autonomic dysreflexia,autonome dysreflexie,1
CARDIO_001554,ventricular,ventrikulär,ventricular,ventrikulär,1
CARDIO_001555,diagonals,Diagonalen,diagonals,diagonalen,1
CARDIO_001556,diagonal artery,Diagonalarterie,diagonal artery,diagonalarterie,4
CARDIO_001557,pacing,Stimulation,pacing,stimulation,6
CARDIO_001558,Contak Renewal,Contak Renewal,contak renewal,contak renewal,1
CARDIO_001559,Insignia Entra,Insignia Entra,insignia entra,insignia entra,1
CARDIO_001560,cardiovascular system,Herz-Kreislauf-System,cardiovascular system,herz-kreislauf-system,1
CARDIO_001561,conus medullaris,Conus medullaris,conus medullaris,conus medullaris,1
CARDIO_001562,carotid,Halsschlagader,carotid,halsschlagader,1
CARDIO_001563,cold ischemia,Kaltischämie,cold ischemia,kaltischämie,1
CARDIO_001564,ANGIOPLASTY,Angioplastie,angioplasty,angioplastie,12
CARDIO_001565,serial cardiac enzymes,serielle Herz-Enzyme,serial cardiac enzymes,serielle herz-enzyme,1
CARDIO_001566,regular rate and rhythm,regelmäßige Frequenz und regelmäßiger Rhythmus,regular rate and rhythm,regelmäßige frequenz und regelmäßiger rhythmus,6
CARDIO_001567,cardiac rhythm,Herzrhythmus,cardiac rhythm,herzrhythmus,1
CARDIO_001568,FPL,FPL,fpl,fpl,1
CARDIO_001569,BIPSS,BIPSS,bipss,bipss,1
CARDIO_001570,B - type natriuretic peptide,B-Typ-natriuretisches Peptid,b - type natriuretic peptide,b-typ-natriuretisches peptid,1
CARDIO_001571,Wenckebach cycle,Wenckebach-Zyklus,wenckebach cycle,wenckebach-zyklus,1
CARDIO_001572,preexcitation,Präexzitation,preexcitation,präexzitation,2
CARDIO_001573,coronary artery bypass graft,Koronararterien-Bypass-Transplantat,coronary artery bypass graft,koronararterien-bypass-transplantat,29
CARDIO_001574,thoracic aorta,Brustaorta,thoracic aorta,brustaorta,1
CARDIO_001575,ARTERIAL PHASE,ARTERIELLE PHASE,arterial phase,arterielle phase,1
CARDIO_001576,AV node,AV-Knoten,av node,av-knoten,3
CARDIO_001577,aortic valve,Aortenklappe,aortic valve,aortenklappe,13
CARDIO_001578,AORTIC VALVE,Aortenklappe,aortic valve,aortenklappe,8
CARDIO_001579,AORTIC STENOSIS,Aortenstenose,aortic stenosis,aortenstenose,6
CARDIO_001580,MITRAL REGURGITATION,Mitralklappeninsuffizienz,mitral regurgitation,mitralklappeninsuffizienz,4
CARDIO_001581,bicuspid,bikuspid,bicuspid,bikuspid,2
CARDIO_001582,bicommissural,bikommissural,bicommissural,bikommissural,1
CARDIO_001583,AORTIC VALVE INSUFFICIENCY,AORTENKLAPPENINSUFFIZIENZ,aortic valve insufficiency,aortenklappeninsuffizienz,3
CARDIO_001584,aortic,Aorten,aortic,aorten,3
CARDIO_001585,endothelial,endothelial,endothelial,endothelial,1
CARDIO_001586,Biocor porcine valve,Biocor-Schweineklappe,biocor porcine valve,biocor-schweineklappe,1
CARDIO_001587,LEAFLETS,KLAPPENBLÄTTER,leaflets,klappenblätter,1
CARDIO_001588,SUBVALVULAR,SUBVALVULÄR,subvalvular,subvalvulär,1
CARDIO_001589,catheter ablation,Katheterablation,catheter ablation,katheterablation,3
CARDIO_001590,AF,AF,af,af,1
CARDIO_001591,active fixation mechanism,aktiver Fixierungsmechanismus,active fixation mechanism,aktiver fixierungsmechanismus,1
CARDIO_001592,parameters,Parameter,parameters,parameter,7
CARDIO_001593,active fixation,aktive Fixierung,active fixation,aktive fixierung,1
CARDIO_001594,pacing,Pacing,pacing,pacing,1
CARDIO_001595,pacing,Stimulation,pacing,stimulation,1
CARDIO_001596,R wave,R-Welle,r wave,r-welle,4
CARDIO_001597,aortogram,Aortogramm,aortogram,aortogramm,7
CARDIO_001598,flush catheter,Spülkatheter,flush catheter,spülkatheter,2
CARDIO_001599,portasystemic gradient,portasystemischer Gradient,portasystemic gradient,portasystemischer gradient,1
CARDIO_001600,Contak Renewal CR -,Contak Renewal CR –,contak renewal cr -,contak renewal cr –,1
CARDIO_001601,R - to - R interval,R – R-Intervall,r - to - r interval,r – r-intervall,1
CARDIO_001602,ECHOCARDIOGRAM,Echokardiogramm,echocardiogram,echokardiogramm,4
CARDIO_001603,stress,Belastung,stress,belastung,12
CARDIO_001604,FSE breathhold,FSE-Atemstillstand,fse breathhold,fse-atemstillstand,1
CARDIO_001605,pulse,Puls,pulse,puls,4
CARDIO_001606,axial diffusion - weighted,axiale Diffusion – gewichtet,axial diffusion - weighted,axiale diffusion – gewichtet,1
CARDIO_001607,gradient echo,Gradientenecho,gradient echo,gradientenecho,13
CARDIO_001608,axial sections,axiale Schnitte,axial sections,axiale schnitte,9
CARDIO_001609,Pulmonary artery,Lungenarterie,pulmonary artery,lungenarterie,1
CARDIO_001610,map,map,map,map,2
CARDIO_001611,Technetium-99 m,Technetium-99m,technetium-99 m,technetium-99m,1
CARDIO_001612,Technetium-99 m,Technetium-99m,technetium-99 m,technetium-99m,1
CARDIO_001613,fast spin echo T2,Schnelles Spin-Echo T2,fast spin echo t2,schnelles spin-echo t2,3
CARDIO_001614,Epithelial Cells,Epithelzellen,epithelial cells,epithelzellen,6
CARDIO_001615,benazepril,Benazepril,benazepril,benazepril,2
CARDIO_001616,cardiovascular silhouette,kardiovaskuläre Silhouette,cardiovascular silhouette,kardiovaskuläre silhouette,4
CARDIO_001617,Vascular dementia,Vaskuläre Demenz,vascular dementia,vaskuläre demenz,2
CARDIO_001618,Tachycardia,Tachykardie,tachycardia,tachykardie,5
CARDIO_001619,paroxymal supraventricular tachycardia,paroxysmale supraventrikuläre Tachykardie,paroxymal supraventricular tachycardia,paroxysmale supraventrikuläre tachykardie,1
CARDIO_001620,T -,T -,t -,t -,1
CARDIO_001621,aVF,aVF,avf,avf,6
CARDIO_001622,QRS,QRS,qrs,qrs,8
CARDIO_001623,pulse ox,Pulsoximeter,pulse ox,pulsoximeter,6
CARDIO_001624,95,95,95,95,1
CARDIO_001625,Diastolic,Diastolisch,diastolic,diastolisch,1
CARDIO_001626,diastolic blood pressure,diastolischer Blutdruck,diastolic blood pressure,diastolischer blutdruck,1
CARDIO_001627,RBBB,RBBB,rbbb,rbbb,4
CARDIO_001628,complete heart block,vollständiger Herzblock,complete heart block,vollständiger herzblock,6
CARDIO_001629,long QT syndrome,Long-QT-Syndrom,long qt syndrome,long-qt-syndrom,1
CARDIO_001630,RPDA,RPDA,rpda,rpda,1
CARDIO_001631,small - vessel ischemic,ischämisch bei kleinen Gefäßen,small - vessel ischemic,ischämisch bei kleinen gefäßen,2
CARDIO_001632,fem - pop,fem – pop,fem - pop,fem – pop,1
CARDIO_001633,mid cab,Mid-CAB,mid cab,mid-cab,1
CARDIO_001634,infarcted,infarziert,infarcted,infarziert,2
CARDIO_001635,Surface ECG,Oberflächen-EKG,surface ecg,oberflächen-ekg,1
CARDIO_001636,electrogram,Elektrogramm,electrogram,elektrogramm,1
CARDIO_001637,ekg,ekg,ekg,ekg,1
CARDIO_001638,first degree,erster Grad,first degree,erster grad,7
CARDIO_001639,Superior mesenteric artery,Arteria mesenterica superior,superior mesenteric artery,arteria mesenterica superior,1
CARDIO_001640,A - fib,Vorhofflimmern,a - fib,vorhofflimmern,15
CARDIO_001641,medulla,Medulla,medulla,medulla,3
CARDIO_001642,left sided,linksseitig,left sided,linksseitig,1
CARDIO_001643,vs,vs,vs,vs,6
CARDIO_001644,Boston Scientific 's Taxus drug - eluting,Der medikamentenfreisetzende „Taxus“-Stent von Boston Scientific,boston scientific 's taxus drug - eluting,der medikamentenfreisetzende „taxus“-stent von boston scientific,1
CARDIO_001645,diagonal,Diagonale,diagonal,diagonale,5
CARDIO_001646,Cosgrove annuloplasty band,Cosgrove-Annuloplastieband,cosgrove annuloplasty band,cosgrove-annuloplastieband,3
CARDIO_001647,supraannular,supraannulär,supraannular,supraannulär,1
CARDIO_001648,cor pulmonale,Cor pulmonale,cor pulmonale,cor pulmonale,4
CARDIO_001649,QTc,QTc,qtc,qtc,4
CARDIO_001650,sciatic nerve,Ischiasnerv,sciatic nerve,ischiasnerv,3
CARDIO_001651,Stress test,Belastungstest,stress test,belastungstest,8
CARDIO_001652,ventricle,Ventrikel,ventricle,ventrikel,6
CARDIO_001653,atorvastatin,Atorvastatin,atorvastatin,atorvastatin,11
CARDIO_001654,ATORVASTATIN,ATORVASTATIN,atorvastatin,atorvastatin,3
CARDIO_001655,CLOPIDOGREL,CLOPIDOGREL,clopidogrel,clopidogrel,4
CARDIO_001656,MG,MG,mg,mg,1
CARDIO_001657,CELIAC ARTERY,CELIAC-ARTERIE,celiac artery,celiac-arterie,1
CARDIO_001658,heart block,Herzblock,heart block,herzblock,1
CARDIO_001659,PNEUMATIC,PNEUMATISCH,pneumatic,pneumatisch,1
CARDIO_001660,sick sinus node syndrome,Sinusknotensyndrom,sick sinus node syndrome,sinusknotensyndrom,1
CARDIO_001661,C6 level,Höhe C6,c6 level,höhe c6,1
CARDIO_001662,mitral commissurotomy,Mitralklappen-Kommissurotomie,mitral commissurotomy,mitralklappen-kommissurotomie,2
CARDIO_001663,dual - chamber AV pacemaker,Zweikammer-AV-Schrittmacher,dual - chamber av pacemaker,zweikammer-av-schrittmacher,1
CARDIO_001664,AV - node,AV-Knoten,av - node,av-knoten,1
CARDIO_001665,Capoten,Capoten,capoten,capoten,3
CARDIO_001666,Propanolol,Propanolol,propanolol,propanolol,1
CARDIO_001667,PULMONARY ARTERY PRESSURE,LUNGENARTERIENDRUCK,pulmonary artery pressure,lungenarteriendruck,4
CARDIO_001668,HEART FAILURE,Herzinsuffizienz,heart failure,herzinsuffizienz,5
CARDIO_001669,SMALL VESSEL ISCHEMIC,ISCHÄMIE DER KLEINEN GEFÄSSE,small vessel ischemic,ischämie der kleinen gefässe,2
CARDIO_001670,CAROTID,Halsschlagader,carotid,halsschlagader,10
CARDIO_001671,R-wave sensing,R-Wellen-Erkennung,r-wave sensing,r-wellen-erkennung,1
CARDIO_001672,hydrALAZINE,Hydralazin,hydralazine,hydralazin,10
CARDIO_001673,Spironolactone,Spironolacton,spironolactone,spironolacton,1
CARDIO_001674,HCTZ,HCTZ,hctz,hctz,6
CARDIO_001675,Mitral,Mitralklappe,mitral,mitralklappe,7
CARDIO_001676,Ischemia,Ischämie,ischemia,ischämie,1
CARDIO_001677,No,No,no,no,1
CARDIO_001678,No,No,no,no,1
CARDIO_001679,LV Wall,LV-Wand,lv wall,lv-wand,1
CARDIO_001680,ischemia,Ischämie,ischemia,ischämie,1
CARDIO_001681,on,on,on,on,1
CARDIO_001682,on,on,on,on,1
CARDIO_001683,#NAME?,#NAME?,#name?,#name?,1
CARDIO_001684,electrocardiographic,elektrokardiographisch,electrocardiographic,elektrokardiographisch,1
CARDIO_001685,CARDIOLITE,CARDIOLITE,cardiolite,cardiolite,10
CARDIO_001686,ABDOMINAL AORTIC ANEURYSM,ABDOMINALES AORTENANEURYSMA,abdominal aortic aneurysm,abdominales aortenaneurysma,3
CARDIO_001687,PLAQUE,PLAQUE,plaque,plaque,3
CARDIO_001688,isoproterenol separation,Isoproterenol-Trennung,isoproterenol separation,isoproterenol-trennung,1
CARDIO_001689,EPITHELIAL CELLS,EPITHELZELLEN,epithelial cells,epithelzellen,4
CARDIO_001690,Epithelial,Epithel,epithelial,epithel,3
CARDIO_001691,obstructive,obstruktiv,obstructive,obstruktiv,6
CARDIO_001692,furosemide,Furosemid,furosemide,furosemid,4
CARDIO_001693,ASA,ASA,asa,asa,20
CARDIO_001694,ASA,ASA,asa,asa,20
CARDIO_001695,Small vessel ischemic,Ischämie der kleinen Gefäße,small vessel ischemic,ischämie der kleinen gefäße,1
CARDIO_001696,LEAFLET,Klappensegel,leaflet,klappensegel,3
CARDIO_001697,PERICARDIAL EFFUSION,Perikarderguss,pericardial effusion,perikarderguss,4
CARDIO_001698,CARDIAC TAMPONADE,HERZTAMPONADE,cardiac tamponade,herztamponade,1
CARDIO_001699,PROJECTION,PROJEKTION,projection,projektion,2
CARDIO_001700,EPITHELIAL,EPITHEL,epithelial,epithel,13
CARDIO_001701,hepatorenal,hepatorenal,hepatorenal,hepatorenal,1
CARDIO_001702,CARDIOMEGALY,KARDIO-MEGALIE,cardiomegaly,kardio-megalie,10
CARDIO_001703,BLOOD,BLUT,blood,blut,13
CARDIO_001704,LATERAL VENTRICLE,SEITENVENTRIKEL,lateral ventricle,seitenventrikel,4
CARDIO_001705,SINUS,SINUS,sinus,sinus,1
CARDIO_001706,DECREASING,ABNEHMEND,decreasing,abnehmend,1
CARDIO_001707,xerosis,xerosis,xerosis,xerosis,1
CARDIO_001708,Pericardium,Perikard,pericardium,perikard,9
CARDIO_001709,gallop,Galopp,gallop,galopp,3
CARDIO_001710,Sinoatrial node,Sinusknoten,sinoatrial node,sinusknoten,1
CARDIO_001711,extrastimuli,Extrastimuli,extrastimuli,extrastimuli,1
CARDIO_001712,norepinephrine,Norepinephrin,norepinephrine,norepinephrin,14
CARDIO_001713,afib,Vorhofflimmern,afib,vorhofflimmern,17
CARDIO_001714,Report,Bericht,report,bericht,3
CARDIO_001715,17,17,17,17,1
CARDIO_001716,sounds,Geräusche,sounds,geräusche,1
CARDIO_001717,murmur,Herzgeräusch,murmur,herzgeräusch,1
CARDIO_001718,rubs,Reibegeräusche,rubs,reibegeräusche,1
CARDIO_001719,A and V,A und V,a and v,a und v,1
CARDIO_001720,pocket,Tasche,pocket,tasche,1
CARDIO_001721,gastroesophageal function,gastroösophageale Funktion,gastroesophageal function,gastroösophageale funktion,1
CARDIO_001722,Sick sinus syndrome,Sick-Sinus-Syndrom,sick sinus syndrome,sick-sinus-syndrom,1
CARDIO_001723,Monitoring,Überwachung,monitoring,überwachung,4
CARDIO_001724,right ventricular assist device,Rechtsventrikuläre Herzunterstützung,right ventricular assist device,rechtsventrikuläre herzunterstützung,6
CARDIO_001725,prediabetes,Prädiabetes,prediabetes,prädiabetes,1
CARDIO_001726,angiograms,Angiogramme,angiograms,angiogramme,1
CARDIO_001727,non - ST - elevation myocardial infarction,Myokardinfarkt ohne ST-Streckenhebung,non - st - elevation myocardial infarction,myokardinfarkt ohne st-streckenhebung,1
CARDIO_001728,SVC,SVC,svc,svc,1
CARDIO_001729,midodrine,Midodrin,midodrine,midodrin,5
CARDIO_001730,proarrhythmia,Proarrhythmie,proarrhythmia,proarrhythmie,1
CARDIO_001731,"congestive , failure","kongestiv, Insuffizienz","congestive , failure","kongestiv, insuffizienz",1
CARDIO_001732,thrombosis,Thrombose,thrombosis,thrombose,1
CARDIO_001733,myocardial infarction,Herzinfarkt,myocardial infarction,herzinfarkt,2
CARDIO_001734,Carpentier - Edwards pericardial valve,Carpentier-Edwards-Perikardklappe,carpentier - edwards pericardial valve,carpentier-edwards-perikardklappe,1
CARDIO_001735,diagnostic catheterization,diagnostische Katheterisierung,diagnostic catheterization,diagnostische katheterisierung,2
CARDIO_001736,adenosine stress testing,Adenosin-Belastungstest,adenosine stress testing,adenosin-belastungstest,1
CARDIO_001737,left ventricular assist,linke Herzkammerunterstützung,left ventricular assist,linke herzkammerunterstützung,1
CARDIO_001738,premature ventricular,ventrikuläre Extrasystole,premature ventricular,ventrikuläre extrasystole,1
CARDIO_001739,prebypass,Prebypass,prebypass,prebypass,1
CARDIO_001740,TACHYCARDIA,TACHYKARDIE,tachycardia,tachykardie,1
CARDIO_001741,calciphylaxis,Kalziphylaxie,calciphylaxis,kalziphylaxie,1
CARDIO_001742,heart rates,Herzfrequenzen,heart rates,herzfrequenzen,1
CARDIO_001743,Restrictive Cardiomyopathy,Restriktive Kardiomyopathie,restrictive cardiomyopathy,restriktive kardiomyopathie,1
CARDIO_001744,MVR,MVR,mvr,mvr,7
CARDIO_001745,rapid ventricular,schnelle ventrikuläre,rapid ventricular,schnelle ventrikuläre,1
CARDIO_001746,vascular disease,Gefäßerkrankung,vascular disease,gefäßerkrankung,18
CARDIO_001747,complex,Komplex,complex,komplex,1
CARDIO_001748,Pericardial effusion,Perikarderguss,pericardial effusion,perikarderguss,1
CARDIO_001749,paroxysmal orthostatic tachycardic,paroxysmale orthostatische Tachykardie,paroxysmal orthostatic tachycardic,paroxysmale orthostatische tachykardie,1
CARDIO_001750,acute coronary syndrome,Akutes Koronarsyndrom,acute coronary syndrome,akutes koronarsyndrom,16
CARDIO_001751,blood pressure medicine,Blutdruckmedikamente,blood pressure medicine,blutdruckmedikamente,1
CARDIO_001752,Nitropatch,Nitropatch,nitropatch,nitropatch,1
CARDIO_001753,swift,schnell,swift,schnell,1
CARDIO_001754,CARDIAC CATHETERIZATION,HERZKATHETERISIERUNG,cardiac catheterization,herzkatheterisierung,1
CARDIO_001755,CORONARY ARTERY,Koronararterie,coronary artery,koronararterie,1
CARDIO_001756,electrophysiologic,elektrophysiologisch,electrophysiologic,elektrophysiologisch,1
CARDIO_001757,AV nodal,AV-Knoten,av nodal,av-knoten,1
CARDIO_001758,sustained,anhaltend,sustained,anhaltend,1
CARDIO_001759,AV - nodal ablation,AV – Knotenablation,av - nodal ablation,av – knotenablation,1
CARDIO_001760,biventricular pacer,biventrikulärer Schrittmacher,biventricular pacer,biventrikulärer schrittmacher,1
CARDIO_001761,ACS,ACS,acs,acs,4
CARDIO_001762,cardiac rehabilitation,Herzrehabilitation,cardiac rehabilitation,herzrehabilitation,1
CARDIO_001763,acute carotid disease,akute Karotiserkrankung,acute carotid disease,akute karotiserkrankung,1
CARDIO_001764,arteriovenous fistula,Arteriovenöse Fistel,arteriovenous fistula,arteriovenöse fistel,4
CARDIO_001765,echocardiography,Echokardiographie,echocardiography,echokardiographie,3
CARDIO_001766,valvular heart disease,Herzklappenerkrankung,valvular heart disease,herzklappenerkrankung,3
CARDIO_001767,PND,PND,pnd,pnd,7
CARDIO_001768,multiple stroke risk factors,Mehrere Risikofaktoren für einen Schlaganfall,multiple stroke risk factors,mehrere risikofaktoren für einen schlaganfall,1
CARDIO_001769,thyroid hormone,Schilddrüsenhormon,thyroid hormone,schilddrüsenhormon,2
CARDIO_001770,myocardial infarctions,Myokardinfarkte,myocardial infarctions,myokardinfarkte,2
CARDIO_001771,intra - aortic balloon pump,intraaortale Ballonpumpe,intra - aortic balloon pump,intraaortale ballonpumpe,2
CARDIO_001772,cardioselective beta blocker,kardioselektiver Betablocker,cardioselective beta blocker,kardioselektiver betablocker,1
CARDIO_001773,cardiorenal,kardiorenal,cardiorenal,kardiorenal,1
CARDIO_001774,TE echocardiogram,TE-Echokardiogramm,te echocardiogram,te-echokardiogramm,1
CARDIO_001775,paroxysmal supraventricular tachycardia,paroxysmale supraventrikuläre Tachykardie,paroxysmal supraventricular tachycardia,paroxysmale supraventrikuläre tachykardie,1
CARDIO_001776,antigravity,Antigravitation,antigravity,antigravitation,1
CARDIO_001777,splenorenal shunts,Splenorenale Shunts,splenorenal shunts,splenorenale shunts,1
CARDIO_001778,obstructed sleep,gestörter Schlaf,obstructed sleep,gestörter schlaf,1
CARDIO_001779,pneumatic,pneumatisch,pneumatic,pneumatisch,2
CARDIO_001780,AI,Aorteninsuffizienz,ai,aorteninsuffizienz,5
CARDIO_001781,Nitroderm,Nitroderm,nitroderm,nitroderm,1
CARDIO_001782,rheumatic heart disease,Rheumatische Herzerkrankung,rheumatic heart disease,rheumatische herzerkrankung,5
CARDIO_001783,AVRs,AVRs,avrs,avrs,1
CARDIO_001784,MVRs,MVRs,mvrs,mvrs,1
CARDIO_001785,PR,PR,pr,pr,3
CARDIO_001786,tachycardiac,tachykardisch,tachycardiac,tachykardisch,3
CARDIO_001787,antihypertensives,Blutdrucksenker,antihypertensives,blutdrucksenker,4
CARDIO_001788,DP pulse,DP-Puls,dp pulse,dp-puls,2
CARDIO_001789,antiarrhythmic agents,Antiarrhythmika,antiarrhythmic agents,antiarrhythmika,1
CARDIO_001790,aerobic exercise,aerobes Training,aerobic exercise,aerobes training,1
CARDIO_001791,non - Q - wave MI,Nicht-Q-Wellen-MI,non - q - wave mi,nicht-q-wellen-mi,1
CARDIO_001792,coronary angiography,Koronarangiographie,coronary angiography,koronarangiographie,4
CARDIO_001793,AV node ablation,AV-Knoten-Ablation,av node ablation,av-knoten-ablation,3
CARDIO_001794,VVIR,VVIR,vvir,vvir,4
CARDIO_001795,mechanical,mechanisch,mechanical,mechanisch,1
CARDIO_001796,tricuspid regurg,Trikuspidalinsuffizienz,tricuspid regurg,trikuspidalinsuffizienz,1
CARDIO_001797,pulseless,pulslos,pulseless,pulslos,2
CARDIO_001798,Sotalol,Sotalol,sotalol,sotalol,3
CARDIO_001799,orthostatic hypotension,orthostatische Hypotonie,orthostatic hypotension,orthostatische hypotonie,11
CARDIO_001800,ventricular rhythm,Ventrikelrhythmus,ventricular rhythm,ventrikelrhythmus,3
CARDIO_001801,constrictive,konstriktiv,constrictive,konstriktiv,1
CARDIO_001802,OMT,OMT,omt,omt,1
CARDIO_001803,Procrit,Procrit,procrit,procrit,15
CARDIO_001804,Cushing,Cushing,cushing,cushing,2
CARDIO_001805,chordal SAM,chordales SAM,chordal sam,chordales sam,1
CARDIO_001806,Omega-3 fatty,Omega-3-Fettsäuren,omega-3 fatty,omega-3-fettsäuren,1
CARDIO_001807,cardiovascular disease,Herz-Kreislauf-Erkrankung,cardiovascular disease,herz-kreislauf-erkrankung,7
CARDIO_001808,ORDERS,ANWEISUNGEN,orders,anweisungen,1
CARDIO_001809,extrasystoles,Extrasystolen,extrasystoles,extrasystolen,1
CARDIO_001810,clopidogrel,Clopidogrel,clopidogrel,clopidogrel,12
CARDIO_001811,delerium,Delirium,delerium,delirium,5
CARDIO_001812,LEFT MAIN,linke Hauptarterie,left main,linke hauptarterie,1
CARDIO_001813,ramus intermedius,Ramus intermedius,ramus intermedius,ramus intermedius,3
CARDIO_001814,Tricuspid regurgitation,Trikuspidalinsuffizienz,tricuspid regurgitation,trikuspidalinsuffizienz,1
CARDIO_001815,Pulmonary hypertension,pulmonale Hypertonie,pulmonary hypertension,pulmonale hypertonie,5
CARDIO_001816,Obstructive sleep apnea,Obstruktive Schlafapnoe,obstructive sleep apnea,obstruktive schlafapnoe,3
CARDIO_001817,Congestive heart failure,Herzinsuffizienz,congestive heart failure,herzinsuffizienz,10
CARDIO_001818,Pacemaker revision,Herzschrittmacher-Revision,pacemaker revision,herzschrittmacher-revision,1
CARDIO_001819,Pulmonary fibrosis,Lungenfibrose,pulmonary fibrosis,lungenfibrose,2
CARDIO_001820,MR,Mitralinsuffizienz,mr,mitralinsuffizienz,9
CARDIO_001821,PAC,PAC,pac,pac,4
CARDIO_001822,chf,chf,chf,chf,4
CARDIO_001823,SEM,SEM,sem,sem,5
CARDIO_001824,homocysteine,Homocystein,homocysteine,homocystein,5
CARDIO_001825,AV,AV,av,av,1
CARDIO_001826,gastroesophageal,gastroösophageal,gastroesophageal,gastroösophageal,4
CARDIO_001827,systolic ejection,systolische Ejektion,systolic ejection,systolische ejektion,2
CARDIO_001828,Albumin,Albumin,albumin,albumin,38
CARDIO_001829,CORONARY ARTERY DISEASE,Koronare Herzkrankheit,coronary artery disease,koronare herzkrankheit,9
CARDIO_001830,Right ventricular,Rechtsventrikulär,right ventricular,rechtsventrikulär,2
CARDIO_001831,transcutaneous,transkutan,transcutaneous,transkutan,1
CARDIO_001832,SUBCLAVIAN,SUBCLAVIAN,subclavian,subclavian,4
CARDIO_001833,ARTERY,ARTERIE,artery,arterie,32
CARDIO_001834,patent ductus arteriosus,offener Ductus arteriosus,patent ductus arteriosus,offener ductus arteriosus,1
CARDIO_001835,inferior phrenic artery,Arteria phrenica inferior,inferior phrenic artery,arteria phrenica inferior,1
CARDIO_001836,respiratory insufficiency,Ateminsuffizienz,respiratory insufficiency,ateminsuffizienz,14
CARDIO_001837,Delerium,Delirium,delerium,delirium,5
CARDIO_001838,IJ catheter,IJ-Katheter,ij catheter,ij-katheter,1
CARDIO_001839,Right coronary artery,Rechte Koronararterie,right coronary artery,rechte koronararterie,3
CARDIO_001840,Right Coronary artery,Rechte Koronararterie,right coronary artery,rechte koronararterie,2
CARDIO_001841,Coronary artery,Koronararterie,coronary artery,koronararterie,3
CARDIO_001842,STENTING,STENTIMPLANTATION,stenting,stentimplantation,4
CARDIO_001843,common artery,Arterie allgemein,common artery,arterie allgemein,1
CARDIO_001844,pulmonary wedge,Lungenkeildruck,pulmonary wedge,lungenkeildruck,1
CARDIO_001845,Right atrial pressure,Rechter Vorhofdruck,right atrial pressure,rechter vorhofdruck,1
CARDIO_001846,RIGHT ATRIAL,RECHTER VORHOF,right atrial,rechter vorhof,2
CARDIO_001847,ATRIAL ENLARGEMENT,VORHOFVERGRÖSSERUNG,atrial enlargement,vorhofvergrösserung,1
CARDIO_001848,AORTOGRAM,AORTOGRAMM,aortogram,aortogramm,5
CARDIO_001849,Marfan syndrome,Marfan-Syndrom,marfan syndrome,marfan-syndrom,2
CARDIO_001850,thoracic aortic aneurysm,Thoraxaortenaneurysma,thoracic aortic aneurysm,thoraxaortenaneurysma,6
CARDIO_001851,PERICARDIOTOMY,PERIKARDIOTOMIE,pericardiotomy,perikardiotomie,1
CARDIO_001852,ANGIOPATHIC,ANGIOPATHISCH,angiopathic,angiopathisch,1
CARDIO_001853,Rhythm,Rhythmus,rhythm,rhythmus,1
CARDIO_001854,Rheumatic fever,Rheumatisches Fieber,rheumatic fever,rheumatisches fieber,1
CARDIO_001855,exercise - induced asthma,belastungsinduziertes Asthma,exercise - induced asthma,belastungsinduziertes asthma,1
CARDIO_001856,aortic regurgitations,Aorteninsuffizienzen,aortic regurgitations,aorteninsuffizienzen,1
CARDIO_001857,subclavian,Subclavia,subclavian,subclavia,1
CARDIO_001858,arrythmia,Arrhythmie,arrythmia,arrhythmie,1
CARDIO_001859,Pulse,Puls,pulse,puls,2
CARDIO_001860,Systolic,Systolisch,systolic,systolisch,1
CARDIO_001861,Systolic,Systolisch,systolic,systolisch,1
CARDIO_001862,Diastolic,Diastolisch,diastolic,diastolisch,1
CARDIO_001863,Systolic Pressure,Systolischer Druck,systolic pressure,systolischer druck,2
CARDIO_001864,Mean arterial pressure,Mittlerer arterieller Druck,mean arterial pressure,mittlerer arterieller druck,1
CARDIO_001865,Troponin I,Troponin I,troponin i,troponin i,3
CARDIO_001866,Cholesterol,Cholesterin,cholesterol,cholesterin,2
CARDIO_001867,CPK - MB,CPK – MB,cpk - mb,cpk – mb,1
CARDIO_001868,Troponin,Troponin,troponin,troponin,1
CARDIO_001869,Systolic BP,Systolischer Blutdruck,systolic bp,systolischer blutdruck,2
CARDIO_001870,Diastolic BP,Diastolischer Blutdruck,diastolic bp,diastolischer blutdruck,2
CARDIO_001871,Atrial fib,Vorhofflimmern,atrial fib,vorhofflimmern,1
CARDIO_001872,tricuspid valve insufficiency,Trikuspidalklappeninsuffizienz,tricuspid valve insufficiency,trikuspidalklappeninsuffizienz,1
CARDIO_001873,PR interval,PR-Intervall,pr interval,pr-intervall,3
CARDIO_001874,myocardial perfusion imaging,Myokardperfusionsbildgebung,myocardial perfusion imaging,myokardperfusionsbildgebung,2
CARDIO_001875,HTN,HTN,htn,htn,1
CARDIO_001876,LC,LC,lc,lc,1
CARDIO_001877,Coronary artery,Koronararterie,coronary artery,koronararterie,2
CARDIO_001878,dysautonomia,Dysautonomie,dysautonomia,dysautonomie,2
CARDIO_001879,ARTERIOPORTAL,ARTERIOPORTAL,arterioportal,arterioportal,1
CARDIO_001880,Coronary arteries,Koronararterien,coronary arteries,koronararterien,2
CARDIO_001881,Hepato-Renal Syndrome,Hepatorenales Syndrom,hepato-renal syndrome,hepatorenales syndrom,1
CARDIO_001882,Arteriovenous,Arteriovenös,arteriovenous,arteriovenös,1
CARDIO_001883,ECMO,ECMO,ecmo,ecmo,3
CARDIO_001884,Femoral Artery,Femoralarterie,femoral artery,femoralarterie,2
CARDIO_001885,PULSE,PULS,pulse,puls,4
CARDIO_001886,Superventricular Tachycardia,Supraventrikuläre Tachykardie,superventricular tachycardia,supraventrikuläre tachykardie,1
CARDIO_001887,ventricular size,Ventrikelgröße,ventricular size,ventrikelgröße,9
CARDIO_001888,Secundum,Secundum,secundum,secundum,2
CARDIO_001889,Pulmonary Valve,Pulmonalklappe,pulmonary valve,pulmonalklappe,2
CARDIO_001890,Heart Failure,Herzinsuffizienz,heart failure,herzinsuffizienz,4
CARDIO_001891,Endocarditis,Endokarditis,endocarditis,endokarditis,2
CARDIO_001892,Peipheral Vascular Disease,Periphere Gefäßerkrankung,peipheral vascular disease,periphere gefäßerkrankung,1
CARDIO_001893,Vascular Disease,Gefäßerkrankung,vascular disease,gefäßerkrankung,1
CARDIO_001894,Non Q-Wave Infarction,Nicht-Q-Wellen-Infarkt,non q-wave infarction,nicht-q-wellen-infarkt,1
CARDIO_001895,Coronary Artery Disease,Koronare Herzkrankheit,coronary artery disease,koronare herzkrankheit,2
CARDIO_001896,Cardiomyopathy,Kardiomyopathie,cardiomyopathy,kardiomyopathie,6
CARDIO_001897,Left Ventricular Hypertrophy,Linksventrikuläre Hypertrophie,left ventricular hypertrophy,linksventrikuläre hypertrophie,1
CARDIO_001898,Fibrillation,Fibrillation,fibrillation,fibrillation,1
CARDIO_001899,Pericardial Effusion,Perikarderguss,pericardial effusion,perikarderguss,1
CARDIO_001900,Aortic Aneurysm,Aortenaneurysma,aortic aneurysm,aortenaneurysma,1
CARDIO_001901,Marfans Syndrome,Marfan-Syndrom,marfans syndrome,marfan-syndrom,1
CARDIO_001902,Angina Pectoris,Angina pectoris,angina pectoris,angina pectoris,1
CARDIO_001903,Acute Myocardial Infarction,Akuter Myokardinfarkt,acute myocardial infarction,akuter myokardinfarkt,2
CARDIO_001904,Cardiogenic Shock,kardiogener Schock,cardiogenic shock,kardiogener schock,1
CARDIO_001905,Intermediate Coronary,Intermediate Coronary,intermediate coronary,intermediate coronary,1
CARDIO_001906,RED BLOOD CELL MORPHOLOGY,MORPHOLOGIE DER ROTEN BLUTKÖRPERCHEN,red blood cell morphology,morphologie der roten blutkörperchen,11
CARDIO_001907,SYNCOPAL EPISODES,SYNKOPALE EPISODEN,syncopal episodes,synkopale episoden,1
CARDIO_001908,Prinivil,Prinivil,prinivil,prinivil,6
CARDIO_001909,SBE,SBE,sbe,sbe,2
CARDIO_001910,semilunar cardiac valve,Halbmondklappe,semilunar cardiac valve,halbmondklappe,1
CARDIO_001911,bicuspid aortic valve,bikuspidale Aortenklappe,bicuspid aortic valve,bikuspidale aortenklappe,1
CARDIO_001912,A fib,Vorhofflimmern,a fib,vorhofflimmern,2
CARDIO_001913,rate,Herzfrequenz,rate,herzfrequenz,1
CARDIO_001914,"artery disease ,","Arterienerkrankung ,","artery disease ,","arterienerkrankung ,",1
CARDIO_001915,CONTINUOUS CLOSED - CIRCUIT MONITORING VIDEO,VIDEO ZUR KONTINUIERLICHEN ÜBERWACHUNG IM GESCHLOSSENEN KREISLAUF,continuous closed - circuit monitoring video,video zur kontinuierlichen überwachung im geschlossenen kreislauf,1
CARDIO_001916,anteroapical,anteroapikal,anteroapical,anteroapikal,2
CARDIO_001917,Diliatizem,Diliatizem,diliatizem,diliatizem,1
CARDIO_001918,metroprolol,Metoprolol,metroprolol,metoprolol,1
CARDIO_001919,Rate controlled,Frequenzgesteuert,rate controlled,frequenzgesteuert,1
CARDIO_001920,t,t,t,t,1
CARDIO_001921,P-R,P-R,p-r,p-r,3
CARDIO_001922,dorsalis,dorsalis,dorsalis,dorsalis,2
CARDIO_001923,Pulses,Puls,pulses,puls,2
CARDIO_001924,Pulse Ox,Pulsoximeter,pulse ox,pulsoximeter,1
CARDIO_001925,ECG,ECG,ecg,ecg,2
CARDIO_001926,Ventricular Rate,Ventrikelfrequenz,ventricular rate,ventrikelfrequenz,1
CARDIO_001927,Cl,Cl,cl,cl,1
CARDIO_001928,PULMONIC,PULMONAL,pulmonic,pulmonal,3
CARDIO_001929,Doppler flow velocities,Doppler-Flussgeschwindigkeiten,doppler flow velocities,doppler-flussgeschwindigkeiten,1
CARDIO_001930,pulmonic,pulmonal,pulmonic,pulmonal,3
CARDIO_001931,OSA,OSA,osa,osa,6
CARDIO_001932,Echocardiogram,Echokardiogramm,echocardiogram,echokardiogramm,18
CARDIO_001933,diastolic CHF,diastolische Herzinsuffizienz,diastolic chf,diastolische herzinsuffizienz,1
CARDIO_001934,htn,htn,htn,htn,3
CARDIO_001935,accupril,Accupril,accupril,accupril,1
CARDIO_001936,BID,BID,bid,bid,1
CARDIO_001937,Beta Blocker,Betablocker,beta blocker,betablocker,1
CARDIO_001938,ACE,ACE,ace,ace,6
CARDIO_001939,Renal artery,Nierenarterie,renal artery,nierenarterie,1
CARDIO_001940,HEART RATE,Herzfrequenz,heart rate,herzfrequenz,4
CARDIO_001941,Propranolol,Propranolol,propranolol,propranolol,3
CARDIO_001942,ventricular stimulation,Ventrikularstimulation,ventricular stimulation,ventrikularstimulation,1
CARDIO_001943,hyperdynamic systolic fx,hyperdynamische systolische Ejektionsfraktion,hyperdynamic systolic fx,hyperdynamische systolische ejektionsfraktion,1
CARDIO_001944,Carpentier-Edwards pericardial Magna valve,Carpentier-Edwards-Magna-Klappe aus Perikardgewebe,carpentier-edwards pericardial magna valve,carpentier-edwards-magna-klappe aus perikardgewebe,1
CARDIO_001945,Physio ring,Physio-Ring,physio ring,physio-ring,2
CARDIO_001946,BRAIN STEM,HIRnstamm,brain stem,hirnstamm,1
CARDIO_001947,CORONARY ARTERY BYPASS,KORONARARTERIEN-BYPASS,coronary artery bypass,koronararterien-bypass,1
CARDIO_001948,LEFT INTERNAL MAMMARY ARTERY,LINKE INNERE BRUSTARTERIE,left internal mammary artery,linke innere brustarterie,3
CARDIO_001949,SAPHENOUS VEIN GRAFT,SAPHENVenen-Transplantat,saphenous vein graft,saphenvenen-transplantat,6
CARDIO_001950,VENTRICULAR SEPTAL DEFECT,VENTRIKULÄRER SEPTUMDEFEKT,ventricular septal defect,ventrikulärer septumdefekt,1
CARDIO_001951,CORONARY ARTERY BYPASS GRAFT,KORONARARTERIEN-BYPASS-TRANSPLANTAT,coronary artery bypass graft,koronararterien-bypass-transplantat,3
CARDIO_001952,VALVE REPAIR,KLAPPENREPARATUR,valve repair,klappenreparatur,3
CARDIO_001953,COSGROVE ANNULOPLASTY,COSGROVE-ANNULOPLASTIK,cosgrove annuloplasty,cosgrove-annuloplastik,1
CARDIO_001954,ANNULOPLASTY,ANNULOPLASTIK,annuloplasty,annuloplastik,2
CARDIO_001955,TRICUSPID VALVE,Trikuspidalklappe,tricuspid valve,trikuspidalklappe,1
CARDIO_001956,MOSAIC,MOSAIK,mosaic,mosaik,1
CARDIO_001957,coronary artery bypass grafting,Koronararterien-Bypass-Operation,coronary artery bypass grafting,koronararterien-bypass-operation,4
CARDIO_001958,left anterior descending,linke vordere absteigende Arterie,left anterior descending,linke vordere absteigende arterie,3
CARDIO_001959,first obtuse marginal artery,Erste Arteria obtusa marginalis,first obtuse marginal artery,erste arteria obtusa marginalis,1
CARDIO_001960,obtuse marginal artery,Arteria marginalis obtusa,obtuse marginal artery,arteria marginalis obtusa,2
CARDIO_001961,BALLOON ANGIOPLASTY,Ballonangioplastie,balloon angioplasty,ballonangioplastie,2
CARDIO_001962,DDDR,DDDR,dddr,dddr,1
CARDIO_001963,Aortic valve replacement,Aortenklappenersatz,aortic valve replacement,aortenklappenersatz,8
CARDIO_001964,AORTIC VALVE REPLACEMENT,AORTENKLAPPENAUSTAUSCH,aortic valve replacement,aortenklappenaustausch,5
CARDIO_001965,glomerulonephritis,Glomerulonephritis,glomerulonephritis,glomerulonephritis,5
CARDIO_001966,central venous pressure,zentraler Venendruck,central venous pressure,zentraler venendruck,1
CARDIO_001967,arterial lines,arterielle Katheter,arterial lines,arterielle katheter,1
CARDIO_001968,VASCULAR SURGERY,GEFÄSSCHIRURGIE,vascular surgery,gefässchirurgie,1
CARDIO_001969,Dobutamine,Dobutamin,dobutamine,dobutamin,4
CARDIO_001970,ENDOMYOCARDIAL,ENDOMYOKARDIAL,endomyocardial,endomyokardial,1
CARDIO_001971,endomyocardial,endomyokardial,endomyocardial,endomyokardial,1
CARDIO_001972,ATHEROSCLEROTIC,ATHEROSKLEROTISCH,atherosclerotic,atherosklerotisch,10
CARDIO_001973,RST prime,RST prime,rst prime,rst prime,1
CARDIO_001974,T wave,T-Welle,t wave,t-welle,1
CARDIO_001975,DESCENDING,ABSTEIGEND,descending,absteigend,1
CARDIO_001976,intracerebral hematoma,intrazerebrales Hämatom,intracerebral hematoma,intrazerebrales hämatom,1
CARDIO_001977,VENTRICULAR CATHETER,VENTRIKULÄRER KATHETER,ventricular catheter,ventrikulärer katheter,1
CARDIO_001978,St . Jude Medical Regent,St. Jude Medical Regent,st . jude medical regent,st. jude medical regent,1
CARDIO_001979,mechanical valve,mechanische Herzklappe,mechanical valve,mechanische herzklappe,4
CARDIO_001980,Pacemaker,Herzschrittmacher,pacemaker,herzschrittmacher,3
CARDIO_001981,root replacement,Wurzelersatz,root replacement,wurzelersatz,4
CARDIO_001982,Biocor porcine valve,Biocor-Schweineklappe,biocor porcine valve,biocor-schweineklappe,1
CARDIO_001983,Maze procedure,Maze-Verfahren,maze procedure,maze-verfahren,3
CARDIO_001984,Left ventricular assist device,Linksventrikuläres Herzunterstützungssystem,left ventricular assist device,linksventrikuläres herzunterstützungssystem,1
CARDIO_001985,MYOCYTE,MYOZYT,myocyte,myozyt,4
CARDIO_001986,ventricular resection,Ventrikelresektion,ventricular resection,ventrikelresektion,1
CARDIO_001987,myocyte,Myozyt,myocyte,myozyt,9
CARDIO_001988,implantable cardioverter - defibrillator,Implantierbarer Kardioverter-Defibrillator,implantable cardioverter - defibrillator,implantierbarer kardioverter-defibrillator,2
CARDIO_001989,MYOCARDIUM,MYOKARD,myocardium,myokard,1
CARDIO_001990,CONGESTIVE CARDIOMYOPATHY,KONGESTIVE KARDIOMYOPATHIE,congestive cardiomyopathy,kongestive kardiomyopathie,1
CARDIO_001991,CORONARY ARTERY,Koronararterie,coronary artery,koronararterie,3
CARDIO_001992,ATHEROSCLEROSIS,Atherosklerose,atherosclerosis,atherosklerose,3
CARDIO_001993,Esophagogastric,Ösophagogastrisch,esophagogastric,ösophagogastrisch,1
CARDIO_001994,CLOTS,BLUTGERINNLUNGEN,clots,blutgerinnlungen,1
CARDIO_001995,congophilic,kongophile,congophilic,kongophile,1
CARDIO_001996,posterior descending artery,posterior absteigende Arterie,posterior descending artery,posterior absteigende arterie,4
CARDIO_001997,VALVULAR,KLAPPENBEDINGT,valvular,klappenbedingt,4
CARDIO_001998,AUTOMATIC IMPLANTABLE CARDIOVERTER - DEFIBRILLATOR,AUTOMATISCHER IMPLANTIERBARER KARDIOVERTER-DEFIBRILLATOR,automatic implantable cardioverter - defibrillator,automatischer implantierbarer kardioverter-defibrillator,2
CARDIO_001999,Delerium,Delirium,delerium,delirium,1
CARDIO_002000,autonomic,autonom,autonomic,autonom,1
CARDIO_002001,ICD-9-CM,ICD-9-CM,icd-9-cm,icd-9-cm,90
CARDIO_002002,ESSENTIAL HYPERTENSION,ESSENTIELLE HYPERTENSION,essential hypertension,essentielle hypertension,2
CARDIO_002003,middle cardiac vein,mittlere Herzvene,middle cardiac vein,mittlere herzvene,3
CARDIO_002004,SMALL VESSEL DISEASE,KLEINGEFÄSSERKRANKUNG,small vessel disease,kleingefässerkrankung,3
CARDIO_002005,antipsychotic,Antipsychotikum,antipsychotic,antipsychotikum,1
CARDIO_002006,anterior interventricular,anteriorer interventrikulärer,anterior interventricular,anteriorer interventrikulärer,1
CARDIO_002007,ankle-brachial indices,Knöchel-Arm-Index,ankle-brachial indices,knöchel-arm-index,1
CARDIO_002008,transthoracic echocardiogram,transthorakales Echokardiogramm,transthoracic echocardiogram,transthorakales echokardiogramm,9
CARDIO_002009,Ejection fraction,Ejektionsfraktion,ejection fraction,ejektionsfraktion,2
CARDIO_002010,angina pectoris,Angina pectoris,angina pectoris,angina pectoris,3
CARDIO_002011,ventriculography,Ventrikulographie,ventriculography,ventrikulographie,2
CARDIO_002012,PTCA,PTCA,ptca,ptca,5
CARDIO_002013,RI,RI,ri,ri,1
CARDIO_002014,CONGESTION HEART FAILURE,KONGESTIVE HERZINSUFFIZIENZ,congestion heart failure,kongestive herzinsuffizienz,1
CARDIO_002015,left anterior descending coronary artery,linke vordere absteigende Koronararterie,left anterior descending coronary artery,linke vordere absteigende koronararterie,3
CARDIO_002016,lacunar CVAs,Lakunäre zerebrovaskuläre Unfälle,lacunar cvas,lakunäre zerebrovaskuläre unfälle,1
CARDIO_002017,St . Jude mechanical,St. Jude-mechanische,st . jude mechanical,st. jude-mechanische,1
CARDIO_002018,aortic,Aorten-,aortic,aorten-,1
CARDIO_002019,Procardia,Procardia,procardia,procardia,3
CARDIO_002020,tibioperoneal trunk,Tibioperonealer Stamm,tibioperoneal trunk,tibioperonealer stamm,1
CARDIO_002021,RUPTURED ABDOMINAL AORTIC ANEURYSM,GERISSENES ABDOMINALES AORTENANEURYSMA,ruptured abdominal aortic aneurysm,gerissenes abdominales aortenaneurysma,1
CARDIO_002022,Tricuspid atresia,Trikuspidalatresie,tricuspid atresia,trikuspidalatresie,1
CARDIO_002023,Fontan procedure,Fontan-Verfahren,fontan procedure,fontan-verfahren,2
CARDIO_002024,Pre,Pre,pre,pre,4
CARDIO_002025,TYPE B AORTIC DISSECTION,AORTENDISSEKTION TYP B,type b aortic dissection,aortendissektion typ b,1
CARDIO_002026,LEADING,Elektrode,leading,elektrode,1
CARDIO_002027,FOLLICULAR THYROID CANCER,FOLLIKULÄRER SCHILDDRÜSENKREBS,follicular thyroid cancer,follikulärer schilddrüsenkrebs,1
CARDIO_002028,AV bridge fistula,AV-Brückenfistel,av bridge fistula,av-brückenfistel,2
CARDIO_002029,gastroesophageal,gastroösophageal,gastroesophageal,gastroösophageal,1
CARDIO_002030,CARDIOMYOPATHY,Kardiomyopathie,cardiomyopathy,kardiomyopathie,3
CARDIO_002031,LEFT VENTRICULAR ASSIST DEVICE,VENTRIKULÄRES UNTERSTÜTZGERÄT FÜR DEN LINKEN VENTRIKEL,left ventricular assist device,ventrikuläres unterstützgerät für den linken ventrikel,3
CARDIO_002032,RIGHT VENTRICULAR ASSIST DEVICE,RECHTSVENTRIKULÄRES UNTERSTÜTZGERÄT,right ventricular assist device,rechtsventrikuläres unterstützgerät,1
CARDIO_002033,PULMONARY FIBROSIS,LUNGENFIBROSE,pulmonary fibrosis,lungenfibrose,3
CARDIO_002034,Wenckebach cycle,Wenckebach-Zyklus,wenckebach cycle,wenckebach-zyklus,1
CARDIO_002035,small vessal,kleines Gefäß,small vessal,kleines gefäß,1
CARDIO_002036,TRICUSPID VALVES,Trikuspidalklappen,tricuspid valves,trikuspidalklappen,1
CARDIO_002037,PORTAL HYPERTENSION,PORTALE HYPERTENSION,portal hypertension,portale hypertension,4
CARDIO_002038,PORTOSYSTEMIC GRADIENT,PORTOSYSTEMISCHER GRADIENT,portosystemic gradient,portosystemischer gradient,2
CARDIO_002039,PPM,PPM,ppm,ppm,1
CARDIO_002040,Pletal,Pletal,pletal,pletal,1
CARDIO_002041,NG,NG,ng,ng,2
CARDIO_002042,right heart catheterization,Rechtsherzkatheterisierung,right heart catheterization,rechtsherzkatheterisierung,2
CARDIO_002043,NICM,NICM,nicm,nicm,4
CARDIO_002044,thiazide diuretics,Thiaziddiuretika,thiazide diuretics,thiaziddiuretika,1
CARDIO_002045,flexed - monitor observation bed,flexed – Beobachtungsbett,flexed - monitor observation bed,flexed – beobachtungsbett,1
CARDIO_002046,Capture Fix Novus,Capture Fix Novus,capture fix novus,capture fix novus,1
CARDIO_002047,Cushing,Cushing,cushing,cushing,1
CARDIO_002048,Pitting edema,eindrückbares Ödem,pitting edema,eindrückbares ödem,1
CARDIO_002049,Heart rate,Herzfrequenz,heart rate,herzfrequenz,5
CARDIO_002050,Jugular venous pressure,Jugularvenendruck,jugular venous pressure,jugularvenendruck,2
CARDIO_002051,vital signs--,Vitalparameter--,vital signs--,vitalparameter--,1
CARDIO_002052,Blood pressure,Blutdruck,blood pressure,blutdruck,1
CARDIO_002053,Vital,Vital,vital,vital,1
CARDIO_002054,Electrocardiogram,Elektrokardiogramm,electrocardiogram,elektrokardiogramm,8
CARDIO_002055,ventricular pacing,ventrikuläre Stimulation,ventricular pacing,ventrikuläre stimulation,1
CARDIO_002056,PERICARDIAC,PERIKARDIAL,pericardiac,perikardial,1
CARDIO_002057,heart block,Herzblock,heart block,herzblock,2
CARDIO_002058,lower rate limit,untere Frequenzgrenze,lower rate limit,untere frequenzgrenze,1
CARDIO_002059,Cool - guard,Cool-Guard,cool - guard,cool-guard,1
CARDIO_002060,NQWMI,NQWMI,nqwmi,nqwmi,1
CARDIO_002061,QUINIDINE,CHINIDIN,quinidine,chinidin,2
CARDIO_002062,NEC,NEC,nec,nec,1
CARDIO_002063,Carotid arteries,Halsschlagadern,carotid arteries,halsschlagadern,1
CARDIO_002064,anterior,anterior,anterior,anterior,1
CARDIO_002065,NT,NT,nt,nt,7
CARDIO_002066,pulse irregularly irregular,Puls unregelmäßig unregelmäßig,pulse irregularly irregular,puls unregelmäßig unregelmäßig,1
CARDIO_002067,late peaking,spätes Peak-Signal,late peaking,spätes peak-signal,1
CARDIO_002068,ACE inhibitor,ACE-Hemmer,ace inhibitor,ace-hemmer,4
CARDIO_002069,New York Class III,New-York-Klasse III,new york class iii,new-york-klasse iii,1
CARDIO_002070,coronary bypass surgery,Koronarbypass-Operation,coronary bypass surgery,koronarbypass-operation,2
CARDIO_002071,tricuspid atresia,Trikuspidalatresie,tricuspid atresia,trikuspidalatresie,3
CARDIO_002072,Fontana,Fontana,fontana,fontana,1
CARDIO_002073,Marfan,Marfan,marfan,marfan,1
CARDIO_002074,subaortic,subaortal,subaortic,subaortal,1
CARDIO_002075,sick sinus node syndrome,Sick-Sinus-Syndrom,sick sinus node syndrome,sick-sinus-syndrom,1
CARDIO_002076,cardiac,kardial,cardiac,kardial,1
CARDIO_002077,Pulmonary Hypertension,pulmonale Hypertonie,pulmonary hypertension,pulmonale hypertonie,1
CARDIO_002078,cardiodefibrillator,Herzdefibrillator,cardiodefibrillator,herzdefibrillator,1
CARDIO_002079,hypertensive cardiomyopathy,hypertensive Kardiomyopathie,hypertensive cardiomyopathy,hypertensive kardiomyopathie,2
CARDIO_002080,mitral valve stenosis,Mitralklappenstenose,mitral valve stenosis,mitralklappenstenose,1
CARDIO_002081,hypertensive kidney disease,hypertensive Nierenerkrankung,hypertensive kidney disease,hypertensive nierenerkrankung,1
CARDIO_002082,coronary artery bypass,Koronararterien-Bypass,coronary artery bypass,koronararterien-bypass,20
CARDIO_002083,central,zentral,central,zentral,1
CARDIO_002084,mitral replacement,Mitralklappenersatz,mitral replacement,mitralklappenersatz,1
CARDIO_002085,lacunar CVA,Lakunärer Schlaganfall,lacunar cva,lakunärer schlaganfall,1
CARDIO_002086,pulmonary valve,Pulmonalklappe,pulmonary valve,pulmonalklappe,2
CARDIO_002087,Proximal atrial fibrillation,Proximales Vorhofflimmern,proximal atrial fibrillation,proximales vorhofflimmern,1
CARDIO_002088,dysrhythmias,Dysrhythmien,dysrhythmias,dysrhythmien,2
CARDIO_002089,Polycystic kidney disease,Polyzystische Nierenerkrankung,polycystic kidney disease,polyzystische nierenerkrankung,1
CARDIO_002090,AV,AV,av,av,2
CARDIO_002091,Paradoxal A - fib,Paradoxes Vorhofflimmern,paradoxal a - fib,paradoxes vorhofflimmern,1
CARDIO_002092,AFIB,Vorhofflimmern,afib,vorhofflimmern,2
CARDIO_002093,FLECAINIDE,FLECAINID,flecainide,flecainid,2
CARDIO_002094,nodal,knotenförmig,nodal,knotenförmig,1
CARDIO_002095,moyamoya,Moyamoya,moyamoya,moyamoya,1
CARDIO_002096,Diamond - Blackfan anemia,Diamond-Blackfan-Anämie,diamond - blackfan anemia,diamond-blackfan-anämie,1
CARDIO_002097,Ischemic cardiomyopathy,Ischämische Kardiomyopathie,ischemic cardiomyopathy,ischämische kardiomyopathie,7
CARDIO_002098,hyperthyroid,Hyperthyreose,hyperthyroid,hyperthyreose,2
CARDIO_002099,thyrotoxicosis,Thyreotoxikose,thyrotoxicosis,thyreotoxikose,2
CARDIO_002100,thyroid,Schilddrüse,thyroid,schilddrüse,1
CARDIO_002101,peripherial neuropathy,periphere Neuropathie,peripherial neuropathy,periphere neuropathie,1
CARDIO_002102,A fib,Vorhofflimmern,a fib,vorhofflimmern,1
CARDIO_002103,AR,AR,ar,ar,3
CARDIO_002104,aortic - femoral bypass,Aorta-Femoral-Bypass,aortic - femoral bypass,aorta-femoral-bypass,1
CARDIO_002105,Coronary artery,Koronararterie,coronary artery,koronararterie,1
CARDIO_002106,obstructive apnea,obstruktive Apnoe,obstructive apnea,obstruktive apnoe,1
CARDIO_002107,MI,MI,mi,mi,2
CARDIO_002108,Angina,Angina,angina,angina,1
CARDIO_002109,costochondritis,Kostochondritis,costochondritis,kostochondritis,3
CARDIO_002110,Whipple ' s disease,Whipple-Krankheit,whipple ' s disease,whipple-krankheit,1
CARDIO_002111,Pulse Generator,Impulsgenerator,pulse generator,impulsgenerator,1
CARDIO_002112,MASTICATOR SPACE,KAURAUM,masticator space,kauraum,2
CARDIO_002113,GASTROESOPHAGEAL JUNCTION,GASTROÖSOPHAGEALE ÜBERGANGSSTELLE,gastroesophageal junction,gastroösophageale übergangsstelle,3
CARDIO_002114,CHOLESTEROLOSIS,CHOLESTEROLOSE,cholesterolosis,cholesterolose,1
CARDIO_002115,AUTOMATIC IMPLANTABLE CARDIOVERTER,AUTOMATISCHER IMPLANTIERBARER KARDIOVERTER,automatic implantable cardioverter,automatischer implantierbarer kardioverter,1
CARDIO_002116,IMPLANTABLE CARDIOVERTER DEFIBRILLATOR,IMPLANTIERBARER KARDIOVERTER-DEFIBRILLATOR,implantable cardioverter defibrillator,implantierbarer kardioverter-defibrillator,1
CARDIO_002117,left atrial,linker Vorhof,left atrial,linker vorhof,1
CARDIO_002118,valve,Herzklappe,valve,herzklappe,1
CARDIO_002119,aberrantly,aberrant,aberrantly,aberrant,1
CARDIO_002120,LISINOPRIL,LISINOPRIL,lisinopril,lisinopril,4
CARDIO_002121,Central Venous Pressure,Zentralvenöser Druck,central venous pressure,zentralvenöser druck,2
CARDIO_002122,PAF,PAF,paf,paf,1
CARDIO_002123,PACING,STIMULATION,pacing,stimulation,1
CARDIO_002124,P - wave,P-Welle,p - wave,p-welle,1
CARDIO_002125,Pacing,Herzschrittmacher,pacing,herzschrittmacher,1
CARDIO_002126,isthmus,Isthmus,isthmus,isthmus,1
CARDIO_002127,VAAV response,VAAV-Reaktion,vaav response,vaav-reaktion,1
CARDIO_002128,atrial tachycardia,Vorhoftachykardie,atrial tachycardia,vorhoftachykardie,2
CARDIO_002129,slow ventricular response,langsame ventrikuläre Reaktion,slow ventricular response,langsame ventrikuläre reaktion,1
CARDIO_002130,atrial fib,Vorhofflimmern,atrial fib,vorhofflimmern,1
CARDIO_002131,cavoatrial junction,cavoatriale Verbindung,cavoatrial junction,cavoatriale verbindung,10
CARDIO_002132,Cardura,Cardura,cardura,cardura,7
CARDIO_002133,polysomnogram,Polysomnogramm,polysomnogram,polysomnogramm,2
CARDIO_002134,Furosemide,Furosemid,furosemide,furosemid,4
CARDIO_002135,endomyocardium,Endomyokard,endomyocardium,endomyokard,8
CARDIO_002136,ASCENDING AORTA,AUFSTEIGENDE AORTA,ascending aorta,aufsteigende aorta,1
CARDIO_002137,postural orthostatic tachycardia syndrome,posturales orthostatisches Tachykardie-Syndrom,postural orthostatic tachycardia syndrome,posturales orthostatisches tachykardie-syndrom,2
CARDIO_002138,PCI,PCI,pci,pci,2
CARDIO_002139,drug eluding,medikamentenfreisetzend,drug eluding,medikamentenfreisetzend,1
CARDIO_002140,GeoForm annuloplasty ring,GeoForm-Annuloplastie-Ring,geoform annuloplasty ring,geoform-annuloplastie-ring,1
CARDIO_002141,Magna pericardial valve,Magna-Perikardklappe,magna pericardial valve,magna-perikardklappe,1
CARDIO_002142,St . Jude Biocore porcine,St. Jude Biocore (Schwein),st . jude biocore porcine,st. jude biocore (schwein),1
CARDIO_002143,Carpentier - Edwards pericardial,Carpentier-Edwards-Perikardklappe,carpentier - edwards pericardial,carpentier-edwards-perikardklappe,1
CARDIO_002144,Carpentier - Edwards pericardial Magna,Carpentier-Edwards-Perikardklappe „Magna“,carpentier - edwards pericardial magna,carpentier-edwards-perikardklappe „magna“,1
CARDIO_002145,Bicuspid congenital aortic,Angeborene bikuspide Aortenklappe,bicuspid congenital aortic,angeborene bikuspide aortenklappe,1
CARDIO_002146,Pericardial,Perikardial,pericardial,perikardial,1
CARDIO_002147,Cardiopulmonary bypass,Kardiopulmonaler Bypass,cardiopulmonary bypass,kardiopulmonaler bypass,9
CARDIO_002148,Cardioplegia,Kardioplegie,cardioplegia,kardioplegie,7
CARDIO_002149,Pulmonary Artery,Lungenarterie,pulmonary artery,lungenarterie,2
CARDIO_002150,Aortic Valve,Aortenklappe,aortic valve,aortenklappe,1
CARDIO_002151,Mitral Valve,Mitralklappe,mitral valve,mitralklappe,4
CARDIO_002152,Aortic root,Aortenwurzel,aortic root,aortenwurzel,1
CARDIO_002153,Off-pump,Off-Pump,off-pump,off-pump,1
CARDIO_002154,right internal mammary artery,rechte innere Brustarterie,right internal mammary artery,rechte innere brustarterie,1
CARDIO_002155,femoral,Femoralarterie,femoral,femoralarterie,2
CARDIO_002156,right coronary,rechte Koronararterie,right coronary,rechte koronararterie,1
CARDIO_002157,Mullin sheath,Mullin-Schleuse,mullin sheath,mullin-schleuse,1
CARDIO_002158,nonpaced,nicht stimuliert,nonpaced,nicht stimuliert,1
CARDIO_002159,left anterior descending,linke vordere absteigende Koronararterie,left anterior descending,linke vordere absteigende koronararterie,1
CARDIO_002160,endoscopic vein harvesting,endoskopische Venenentnahme,endoscopic vein harvesting,endoskopische venenentnahme,1
CARDIO_002161,rate,Herzfrequenz,rate,herzfrequenz,1
CARDIO_002162,alpha,alpha,alpha,alpha,2
CARDIO_002163,non - ST elevation MI,Myokardinfarkt ohne ST-Hebung,non - st elevation mi,myokardinfarkt ohne st-hebung,1
CARDIO_002164,cardiopericardial,kardioperikardial,cardiopericardial,kardioperikardial,1
CARDIO_002165,PULSE,PULS,pulse,puls,1
CARDIO_002166,DICROTIC,DICROTIC,dicrotic,dicrotic,1
CARDIO_002167,tibioperoneal,tibioperoneal,tibioperoneal,tibioperoneal,1
CARDIO_002168,peas,pulslose elektrische Aktivität,peas,pulslose elektrische aktivität,1
CARDIO_002169,ventricles,Herzkammern,ventricles,herzkammern,3
CARDIO_002170,P -,P -,p -,p -,1
CARDIO_002171,heart sound,Herzgeräusch,heart sound,herzgeräusch,1
CARDIO_002172,pacemaker lead revision,Revision der Herzschrittmacher-Elektrode,pacemaker lead revision,revision der herzschrittmacher-elektrode,1
CARDIO_002173,posterolateral branch of the RCA,posterolateraler Ast der RCA,posterolateral branch of the rca,posterolateraler ast der rca,1
CARDIO_002174,tricuspid,Tricuspidalklappe,tricuspid,tricuspidalklappe,4
CARDIO_002175,first obtuse marginal,erste stumpfe Randarterie,first obtuse marginal,erste stumpfe randarterie,3
CARDIO_002176,physio ring,Physio-Ring,physio ring,physio-ring,1
CARDIO_002177,transmyocardial revascularization,transmyokardiale Revaskularisierung,transmyocardial revascularization,transmyokardiale revaskularisierung,1
CARDIO_002178,Omega-3 polyunsaturated fatty,Omega-3-mehrfach ungesättigte Fettsäuren,omega-3 polyunsaturated fatty,omega-3-mehrfach ungesättigte fettsäuren,1
CARDIO_002179,fatty acid,Fettsäure,fatty acid,fettsäure,2
CARDIO_002180,Omega-3 fatty acids,Omega-3-Fettsäuren,omega-3 fatty acids,omega-3-fettsäuren,2
CARDIO_002181,diltiazen,Diltiazen,diltiazen,diltiazen,1
CARDIO_002182,Cardiology 's,Kardiologie,cardiology 's,kardiologie,4
CARDIO_002183,PNDs,PNDs,pnds,pnds,1
CARDIO_002184,DTs,DTs,dts,dts,2
CARDIO_002185,sustained,anhaltend,sustained,anhaltend,1
CARDIO_002186,QR axis,QR-Achse,qr axis,qr-achse,1
CARDIO_002187,BYPASS GRAFT,BYPASS-TRANSPLANTAT,bypass graft,bypass-transplantat,3
CARDIO_002188,viral myocarditis,virale Myokarditis,viral myocarditis,virale myokarditis,1
CARDIO_002189,ABDOMINAL AORTA,BAUCHAORTA,abdominal aorta,bauchaorta,4
CARDIO_002190,JVP,JVP,jvp,jvp,4
CARDIO_002191,rhythem strip,Rhythmuskurve,rhythem strip,rhythmuskurve,1
CARDIO_002192,NSVT,NSVT,nsvt,nsvt,1
CARDIO_002193,Sinus tachycardia,Sinustachykardie,sinus tachycardia,sinustachykardie,2
CARDIO_002194,MYOCARDIAL,MYOKARDIAL,myocardial,myokardial,5
CARDIO_002195,MYOCARDIAL PERFUSION SPECT,MYOKARDPERFUSION-SPECT,myocardial perfusion spect,myokardperfusion-spect,2
CARDIO_002196,thallium-201,Thallium-201,thallium-201,thallium-201,1
CARDIO_002197,myocardial perfusion SPECT,Myokardperfusions-SPECT,myocardial perfusion spect,myokardperfusions-spect,1
CARDIO_002198,myocardial perfusion scan,Myokardperfusionsscan,myocardial perfusion scan,myokardperfusionsscan,2
CARDIO_002199,resting ejection fraction,Ejektionsfraktion in Ruhe,resting ejection fraction,ejektionsfraktion in ruhe,1
CARDIO_002200,MYOCARDIAL PERFUSION,MYOKARDPERFUSION,myocardial perfusion,myokardperfusion,1
CARDIO_002201,STRESS,STRESS,stress,stress,3
CARDIO_002202,CARDIOLITE STRESS TEST :,CARDIOLITE-BELASTUNGSTEST :,cardiolite stress test :,cardiolite-belastungstest :,1
CARDIO_002203,CARDIOLOGIST,KARDIOLOGE,cardiologist,kardiologe,1
CARDIO_002204,ADENOSINE,ADENOSIN,adenosine,adenosin,2
CARDIO_002205,VENTRICULAR TACHYCARDIA,VENTRIKULÄRE TACHYKARDIE,ventricular tachycardia,ventrikuläre tachykardie,1
CARDIO_002206,CARDIOLITE STRESS TEST,CARDIOLITE-BELASTUNGSTEST,cardiolite stress test,cardiolite-belastungstest,1
CARDIO_002207,STRESS CARDIOLITE,STRESS CARDIOLITE,stress cardiolite,stress cardiolite,1
CARDIO_002208,STRESS TEST,STRESSTEST,stress test,stresstest,1
CARDIO_002209,QT,QT,qt,qt,1
CARDIO_002210,electrocardioversion,Elektrokardioversion,electrocardioversion,elektrokardioversion,2
CARDIO_002211,ECHO,ECHO,echo,echo,7
CARDIO_002212,today,heute,today,heute,1
CARDIO_002213,perivalvular,perivalvulär,perivalvular,perivalvulär,2
CARDIO_002214,LEFT VENTRICULAR EJECTION FRACTION,EJEKTIONSFRAKTION DES LINKEN VENTRIKELS,left ventricular ejection fraction,ejektionsfraktion des linken ventrikels,2
CARDIO_002215,DIASTOLIC DYSFUNCTION,DIASTOLISCHE DYSFUNKTION,diastolic dysfunction,diastolische dysfunktion,1
CARDIO_002216,RIGHT VENTRICULAR,RECHTER VENTRIKEL,right ventricular,rechter ventrikel,3
CARDIO_002217,VENTRICULAR SIZE,VENTRIKULÄRE GRÖSSE,ventricular size,ventrikuläre grösse,1
CARDIO_002218,LEFT VENTRICULAR FUNCTION,LINKE VENTRIKULÄRE FUNKTION,left ventricular function,linke ventrikuläre funktion,1
CARDIO_002219,cardioverted,Defibrillator,cardioverted,defibrillator,1
CARDIO_002220,Nonischemic cardiomyopathy,Nicht-ischämische Kardiomyopathie,nonischemic cardiomyopathy,nicht-ischämische kardiomyopathie,2
CARDIO_002221,nonthrill AV fistula,AV-Fistel ohne Thrill,nonthrill av fistula,av-fistel ohne thrill,1
CARDIO_002222,Non - sustained ventricular tachycardia,Nicht anhaltende ventrikuläre Tachykardie,non - sustained ventricular tachycardia,nicht anhaltende ventrikuläre tachykardie,1
CARDIO_002223,myocardial,myokardial,myocardial,myokardial,2
CARDIO_002224,METOPROLOL,METOPROLOL,metoprolol,metoprolol,8
CARDIO_002225,09:00:00,09:00:00,09:00:00,09:00:00,1
CARDIO_002226,7,7,7,7,1
CARDIO_002227,10:57:00,10:57:00,10:57:00,10:57:00,1
CARDIO_002228,Lasix,Lasix,lasix,lasix,1
CARDIO_002229,pulse ox,Pulsoximeter,pulse ox,pulsoximeter,2
CARDIO_002230,naloxone,Naloxon,naloxone,naloxon,1
CARDIO_002231,NG TUBE,NG-Sonde,ng tube,ng-sonde,2
CARDIO_002232,aortic,aortisch,aortic,aortisch,1
CARDIO_002233,upstrokes,Aufwärtsstriche,upstrokes,aufwärtsstriche,1
CARDIO_002234,hemic,hemisch,hemic,hemisch,1
CARDIO_002235,gallop,Galopp,gallop,galopp,6
CARDIO_002236,ventricular device,Ventrikelgerät,ventricular device,ventrikelgerät,2
CARDIO_002237,ENDOCARDITIS,Endokarditis,endocarditis,endokarditis,1
CARDIO_002238,TRICUSPID REGURGITATE VELOCITY,TRIKUSPIDALREGURGITATIONSGESCHWINDIGKEIT,tricuspid regurgitate velocity,trikuspidalregurgitationsgeschwindigkeit,1
CARDIO_002239,Midodrine,Midodrin,midodrine,midodrin,2
CARDIO_002240,amaurosis fugax,Amaurosis fugax,amaurosis fugax,amaurosis fugax,3
CARDIO_002241,troponin leak,Troponin-Leck,troponin leak,troponin-leck,1
CARDIO_002242,Nitroglycerin,Nitroglycerin,nitroglycerin,nitroglycerin,3
CARDIO_002243,Nimodipine,Nimodipin,nimodipine,nimodipin,1
CARDIO_002244,NIFEdipine,Nifedipin,nifedipine,nifedipin,2
CARDIO_002245,Procardia XL,Procardia XL,procardia xl,procardia xl,1
CARDIO_002246,right coronary,rechte Koronararterie,right coronary,rechte koronararterie,6
CARDIO_002247,R - wave,R-Welle,r - wave,r-welle,1
CARDIO_002248,appendage,Anhang,appendage,anhang,1
CARDIO_002249,NONSPECIFIC,UNSPEZIFISCH,nonspecific,unspezifisch,1
CARDIO_002250,Femoral,Femoral,femoral,femoral,1
CARDIO_002251,hyperreflexic,hyperreflexisch,hyperreflexic,hyperreflexisch,1
CARDIO_002252,Cerebrovascular diseases,Zerebrovaskuläre Erkrankungen,cerebrovascular diseases,zerebrovaskuläre erkrankungen,1
CARDIO_002253,primary hypoaldosteronism,Primärer Hypoaldosteronismus,primary hypoaldosteronism,primärer hypoaldosteronismus,1
CARDIO_002254,Nadolol,Nadolol,nadolol,nadolol,3
CARDIO_002255,electrocardiography,Elektrokardiographie,electrocardiography,elektrokardiographie,1
CARDIO_002256,hypertrophic cardiomyopathy,hypertrophe Kardiomyopathie,hypertrophic cardiomyopathy,hypertrophe kardiomyopathie,2
CARDIO_002257,mitral,Mitralklappe,mitral,mitralklappe,1
CARDIO_002258,: Cardiology,: Kardiologie,: cardiology,: kardiologie,1
CARDIO_002259,BP:124/79,BP:124/79,bp:124/79,bp:124/79,1
CARDIO_002260,BP:121/75,BP:121/75,bp:121/75,bp:121/75,1
CARDIO_002261,amlodipine,Amlodipin,amlodipine,amlodipin,1
CARDIO_002262,Mouth,Mund,mouth,mund,1
CARDIO_002263,B - Type Natriuretic Peptide,B-Typ-natriuretisches Peptid,b - type natriuretic peptide,b-typ-natriuretisches peptid,1
CARDIO_002264,ACE Inhibitors,ACE-Hemmer,ace inhibitors,ace-hemmer,3
CARDIO_002265,BID,BID,bid,bid,1
CARDIO_002266,Q8H,Q8H,q8h,q8h,1
CARDIO_002267,Daily,Täglich,daily,täglich,3
CARDIO_002268,subQ,subQ,subq,subq,2
CARDIO_002269,QAM,QAM,qam,qam,1
CARDIO_002270,Topically,Topisch,topically,topisch,1
CARDIO_002271,Rectum,Rektum,rectum,rektum,1
CARDIO_002272,hydrALAZINE,Hydralazin,hydralazine,hydralazin,1
CARDIO_002273,K,K,k,k,1
CARDIO_002274,Vascular Surgery,Gefäßchirurgie,vascular surgery,gefäßchirurgie,2
CARDIO_002275,Tenormin,Tenormin,tenormin,tenormin,9
CARDIO_002276,Apresoline,Apresoline,apresoline,apresoline,8
CARDIO_002277,Squamous Epithelial Cells,Plaqueepithelzellen,squamous epithelial cells,plaqueepithelzellen,2
CARDIO_002278,SYSTOLIC DIAMETER,SYSTOLISCHER DURCHMESSER,systolic diameter,systolischer durchmesser,4
CARDIO_002279,AO ROOT,AO-WURZEL,ao root,ao-wurzel,1
CARDIO_002280,LV POSTERIOR WALL,HINTERWAND DES LINKEN VENTRIKELS,lv posterior wall,hinterwand des linken ventrikels,1
CARDIO_002281,MV,MV,mv,mv,2
CARDIO_002282,LV POSTERIOR WALL THICKNESS,Dicke der hinteren Wand des linken Ventrikels,lv posterior wall thickness,dicke der hinteren wand des linken ventrikels,1
CARDIO_002283,SHORTENING,VERKÜRZUNG,shortening,verkürzung,1
CARDIO_002284,Murmurs,Herzgeräusche,murmurs,herzgeräusche,6
CARDIO_002285,carotid arterty disease,Karotiserkrankung,carotid arterty disease,karotiserkrankung,1
CARDIO_002286,percutaneous transluminal coronary angioplasties,perkutane transluminale Koronarangioplastien,percutaneous transluminal coronary angioplasties,perkutane transluminale koronarangioplastien,1
CARDIO_002287,PULMONARY ARTERIES,LUNGENARTERIEN,pulmonary arteries,lungenarterien,2
CARDIO_002288,troponosis,Troponose,troponosis,troponose,1
CARDIO_002289,diastolic failure,diastolische Herzinsuffizienz,diastolic failure,diastolische herzinsuffizienz,1
CARDIO_002290,catecholamines,Katecholamine,catecholamines,katecholamine,2
CARDIO_002291,focal findings,fokale Befunde,focal findings,fokale befunde,2
CARDIO_002292,aneurysmal dilitation,aneurysmatische Erweiterung,aneurysmal dilitation,aneurysmatische erweiterung,1
CARDIO_002293,asystolic,asystolisch,asystolic,asystolisch,1
CARDIO_002294,Mr.,Mitralinsuffizienz,mr.,mitralinsuffizienz,4
CARDIO_002295,20,20,20,20,2
CARDIO_002296,18,18,18,18,1
CARDIO_002297,hepatic renal syndrome,Hepatisches Nierensyndrom,hepatic renal syndrome,hepatisches nierensyndrom,1
CARDIO_002298,pericarditis,Perikarditis,pericarditis,perikarditis,6
CARDIO_002299,viral pericarditis,virale Perikarditis,viral pericarditis,virale perikarditis,1
CARDIO_002300,atrioventricular,atrioventrikulär,atrioventricular,atrioventrikulär,1
CARDIO_002301,AORTIC VALVE STENOSIS,AORTENKLAPPENSTENOSE,aortic valve stenosis,aortenklappenstenose,3
CARDIO_002302,tricupid,tricupid,tricupid,tricupid,1
CARDIO_002303,tricupid,tricupid,tricupid,tricupid,1
CARDIO_002304,Physio,Physio,physio,physio,1
CARDIO_002305,Valve repair,Klappenreparatur,valve repair,klappenreparatur,1
CARDIO_002306,Alfieri,Alfieri,alfieri,alfieri,1
CARDIO_002307,valve disorders,Herzklappenerkrankungen,valve disorders,herzklappenerkrankungen,1
CARDIO_002308,MAC,MAC,mac,mac,1
CARDIO_002309,Mitral regurgitation,Mitralklappeninsuffizienz,mitral regurgitation,mitralklappeninsuffizienz,1
CARDIO_002310,mitral valve prolase,Mitralklappenprolaps,mitral valve prolase,mitralklappenprolaps,1
CARDIO_002311,Mitral,Mitral,mitral,mitral,1
CARDIO_002312,Mitral annular calcification,Mitralannulus-Kalzifikation,mitral annular calcification,mitralannulus-kalzifikation,1
CARDIO_002313,q,q,q,q,1
CARDIO_002314,non - Q- wave MI,Nicht-Q-Wellen-MI,non - q- wave mi,nicht-q-wellen-mi,1
CARDIO_002315,ATRIUM,VORHOF,atrium,vorhof,1
CARDIO_002316,TRICUSPID INSUFFICIENCY,Trikuspidalinsuffizienz,tricuspid insufficiency,trikuspidalinsuffizienz,1
CARDIO_002317,CAROTID,Halsschlagader,carotid,halsschlagader,3
CARDIO_002318,TRICUSPID VALVE INSUFFICIENCY,Trikuspidalklappeninsuffizienz,tricuspid valve insufficiency,trikuspidalklappeninsuffizienz,2
CARDIO_002319,small vessel disease,Kleingefäßerkrankung,small vessel disease,kleingefäßerkrankung,2
CARDIO_002320,ATRIAL,ATRIAL,atrial,atrial,7
CARDIO_002321,VENTRICULAR,VENTRIKULÄR,ventricular,ventrikulär,2
CARDIO_002322,Portal hypertensive colopathy,Portale hypertensive Kolopathie,portal hypertensive colopathy,portale hypertensive kolopathie,1
CARDIO_002323,VENTRICULAR HYPERTROPHY,VENTRIKULÄRE HYPERTROPHIE,ventricular hypertrophy,ventrikuläre hypertrophie,1
CARDIO_002324,INTRAVENTRICULAR,INTRAVENTRIKULÄR,intraventricular,intraventrikulär,1
CARDIO_002325,RHYTHM,RHYTHMUS,rhythm,rhythmus,4
CARDIO_002326,aortic insufficiency,Aorteninsuffizienz,aortic insufficiency,aorteninsuffizienz,5
CARDIO_002327,tricuspid jet,Tricuspid-Jet,tricuspid jet,tricuspid-jet,1
CARDIO_002328,Microvascular disease,Mikrovaskuläre Erkrankung,microvascular disease,mikrovaskuläre erkrankung,1
CARDIO_002329,Microbubble contrast,Mikrobläschen-Kontrastmittel,microbubble contrast,mikrobläschen-kontrastmittel,1
CARDIO_002330,Methyldopa,Methyldopa,methyldopa,methyldopa,1
CARDIO_002331,Lotrel,Lotrel,lotrel,lotrel,2
CARDIO_002332,Medronic En,Medronic En,medronic en,medronic en,1
CARDIO_002333,Amlodopine,Amlodopin,amlodopine,amlodopin,1
CARDIO_002334,Bactrim DS,Bactrim DS,bactrim ds,bactrim ds,8
CARDIO_002335,Ecasa,Ecasa,ecasa,ecasa,5
CARDIO_002336,Altace,Altace,altace,altace,7
CARDIO_002337,Valsartan,Valsartan,valsartan,valsartan,1
CARDIO_002338,quinapril,Quinapril,quinapril,quinapril,6
CARDIO_002339,ECASA,ECASA,ecasa,ecasa,1
CARDIO_002340,BID,BID,bid,bid,1
CARDIO_002341,swizzle,Swizzle,swizzle,swizzle,1
CARDIO_002342,Lotensin,Lotensin,lotensin,lotensin,1
CARDIO_002343,Vasotec,Vasotec,vasotec,vasotec,7
CARDIO_002344,Uroxatrol,Uroxatrol,uroxatrol,uroxatrol,1
CARDIO_002345,Benazepril,Benazepril,benazepril,benazepril,1
CARDIO_002346,cilostazol,Cilostazol,cilostazol,cilostazol,1
CARDIO_002347,carvedilol,Carvedilol,carvedilol,carvedilol,2
CARDIO_002348,Adalat,Adalat,adalat,adalat,1
CARDIO_002349,prazosin,Prazosin,prazosin,prazosin,1
CARDIO_002350,cholesterolemia,Cholesterinämie,cholesterolemia,cholesterinämie,1
CARDIO_002351,mi,mi,mi,mi,1
CARDIO_002352,MAP,MAP,map,map,3
CARDIO_002353,SSS,SSS,sss,sss,3
CARDIO_002354,LVEDP,LVEDP,lvedp,lvedp,2
CARDIO_002355,Lupus,Lupus,lupus,lupus,1
CARDIO_002356,ILIAC ARTERY,ILIACARTERIE,iliac artery,iliacarterie,1
CARDIO_002357,ANGIOPLASTIES,ANGIOPLASTIEN,angioplasties,angioplastien,1
CARDIO_002358,cardiac,kardial,cardiac,kardial,1
CARDIO_002359,qT,qT,qt,qt,1
CARDIO_002360,Waterston 's groove,Waterston-Rille,waterston 's groove,waterston-rille,1
CARDIO_002361,RVAD,RVAD,rvad,rvad,1
CARDIO_002362,hypervolumic,hypervolumisch,hypervolumic,hypervolumisch,1
CARDIO_002363,vertebrobasilar,vertebrobasilar,vertebrobasilar,vertebrobasilar,5
CARDIO_002364,ventriculogram,Ventrikulogramm,ventriculogram,ventrikulogramm,2
CARDIO_002365,Systolic,Systolisch,systolic,systolisch,1
CARDIO_002366,CENTRAL LINE,ZENTRALVENENKATETER,central line,zentralvenenkateter,1
CARDIO_002367,femoral,femoral,femoral,femoral,6
CARDIO_002368,ILIAC,ILIAC,iliac,iliac,2
CARDIO_002369,EXTERNAL ILIAC ARTERY,ÄUSSERLICHE HÜFTARTERIE,external iliac artery,äusserliche hüftarterie,1
CARDIO_002370,heart catheterization,Herzkatheterisierung,heart catheterization,herzkatheterisierung,1
CARDIO_002371,coronaries,Koronararterien,coronaries,koronararterien,2
CARDIO_002372,V -,V -,v -,v -,1
CARDIO_002373,LEADS,Elektroden,leads,elektroden,1
CARDIO_002374,ace inhibitor,ACE-Hemmer,ace inhibitor,ace-hemmer,1
CARDIO_002375,DORSALIS PEDIS,DORSALIS PEDIS,dorsalis pedis,dorsalis pedis,1
CARDIO_002376,Welch - Allen monitor,Welch-Allen-Monitor,welch - allen monitor,welch-allen-monitor,1
CARDIO_002377,Haemophilus parahaemolyticus,Haemophilus parahaemolyticus,haemophilus parahaemolyticus,haemophilus parahaemolyticus,1
CARDIO_002378,T-wave inversion,T-Wellen-Inversion,t-wave inversion,t-wellen-inversion,2
CARDIO_002379,troponin I,Troponin I,troponin i,troponin i,2
CARDIO_002380,VERITY ADx XL,VERITY ADx XL,verity adx xl,verity adx xl,1
CARDIO_002381,coronary,koronar,coronary,koronar,1
CARDIO_002382,coronary sinus,Koronarsinus,coronary sinus,koronarsinus,2
CARDIO_002383,heart valve,Herzklappe,heart valve,herzklappe,3
CARDIO_002384,Streptococcus bovis,Streptococcus bovis,streptococcus bovis,streptococcus bovis,2
CARDIO_002385,endoleaks,Endolecks,endoleaks,endolecks,3
CARDIO_002386,stage II thymoma,Thymom im Stadium II,stage ii thymoma,thymom im stadium ii,1
CARDIO_002387,beta -,Beta –,beta -,beta –,1
CARDIO_002388,bundle-block,Bündelblock,bundle-block,bündelblock,1
CARDIO_002389,left posterior fascicular - block,linker hinterer Faszikelblock,left posterior fascicular - block,linker hinterer faszikelblock,1
CARDIO_002390,occipital infarcts,Okzipitalinfarkte,occipital infarcts,okzipitalinfarkte,1
CARDIO_002391,maximum heart rate,maximale Herzfrequenz,maximum heart rate,maximale herzfrequenz,2
CARDIO_002392,moya-moya disease,Moya-Moya-Krankheit,moya-moya disease,moya-moya-krankheit,1
CARDIO_002393,vasculopathic,vaskulopathisch,vasculopathic,vaskulopathisch,1
CARDIO_002394,atrial kick,Vorhofstoß,atrial kick,vorhofstoß,1
CARDIO_002395,reverberation,Nachhall,reverberation,nachhall,1
CARDIO_002396,diastolic congestive heart failure,diastolische Herzinsuffizienz,diastolic congestive heart failure,diastolische herzinsuffizienz,2
CARDIO_002397,Eisenmenger syndrome,Eisenmenger-Syndrom,eisenmenger syndrome,eisenmenger-syndrom,1
CARDIO_002398,diagonals,Diagonalen,diagonals,diagonalen,1
CARDIO_002399,anti - tachycardia pacing,Anti-Tachykardie-Stimulation,anti - tachycardia pacing,anti-tachykardie-stimulation,1
CARDIO_002400,tilt table test,Kipptisch-Test,tilt table test,kipptisch-test,1
CARDIO_002401,MVP,MVP,mvp,mvp,1
CARDIO_002402,T,T,t,t,8
CARDIO_002403,ATRIAL SEPTUM,VORHOFSEPTUM,atrial septum,vorhofseptum,1
CARDIO_002404,ANEURYSM,ANEURYSMA,aneurysm,aneurysma,4
CARDIO_002405,Catapres,Catapres,catapres,catapres,6
CARDIO_002406,10:00:00,10:00:00,10:00:00,10:00:00,1
CARDIO_002407,atrophied,atrophiert,atrophied,atrophiert,2
CARDIO_002408,coronary artery bypasses,Koronararterien-Bypässe,coronary artery bypasses,koronararterien-bypässe,1
CARDIO_002409,ETT,ETT,ett,ett,1
CARDIO_002410,INFERIOR MESENTERIC ARTERY,UNTERE MESENTERIALARTERIE,inferior mesenteric artery,untere mesenterialarterie,1
CARDIO_002411,SUPERIOR MESENTERIC ARTERY,OBERE MESENTERIALARTERIE,superior mesenteric artery,obere mesenterialarterie,2
CARDIO_002412,ventricular,ventrikulär,ventricular,ventrikulär,1
CARDIO_002413,ARRHYTHMIAS,HERZRHYTHMUSSTÖRUNGEN,arrhythmias,herzrhythmusstörungen,1
CARDIO_002414,transposition of the great arteries,Transposition der großen Arterien,transposition of the great arteries,transposition der großen arterien,2
CARDIO_002415,proximal atrial,proximal atrial,proximal atrial,proximal atrial,1
CARDIO_002416,fast ventricular response,schnelle ventrikuläre Reaktion,fast ventricular response,schnelle ventrikuläre reaktion,1
CARDIO_002417,RIGHT VENTRICLE,RECHTE HERZKAMMER,right ventricle,rechte herzkammer,4
CARDIO_002418,VENTRICULAR ASSIST DEVICE,VENTRIKULÄRES UNTERSTÜTZUNGSGERÄT,ventricular assist device,ventrikuläres unterstützungsgerät,2
CARDIO_002419,stress,Belastung,stress,belastung,1
CARDIO_002420,femoropopliteal,femoropopliteal,femoropopliteal,femoropopliteal,3
CARDIO_002421,ankle - brachial indices,Knöchel-Arm-Index,ankle - brachial indices,knöchel-arm-index,1
CARDIO_002422,electrocoagulation,Elektrokoagulation,electrocoagulation,elektrokoagulation,1
CARDIO_002423,NON - CORONARY LEAFLET,NICHT-KORONARER KLAPPENFLÜGEL,non - coronary leaflet,nicht-koronarer klappenflügel,1
CARDIO_002424,preretinal heme,preretinales Häm,preretinal heme,preretinales häm,1
CARDIO_002425,AV heart block,AV-Block,av heart block,av-block,1
CARDIO_002426,postpericardiotomy syndrome,Postperikardiotomie-Syndrom,postpericardiotomy syndrome,postperikardiotomie-syndrom,1
CARDIO_002427,hepatorenal,hepatorenal,hepatorenal,hepatorenal,2
CARDIO_002428,dysrhythmia,Dysrhythmie,dysrhythmia,dysrhythmie,2
CARDIO_002429,Vasovagal,Vasovagale,vasovagal,vasovagale,1
CARDIO_002430,lepressor,Lepressor,lepressor,lepressor,1
CARDIO_002431,mitral stenosis,Mitralstenose,mitral stenosis,mitralstenose,4
CARDIO_002432,transmitral gradient,transmitraler Gradient,transmitral gradient,transmitraler gradient,1
CARDIO_002433,sotalol,Sotalol,sotalol,sotalol,1
CARDIO_002434,antipsychotics,Antipsychotika,antipsychotics,antipsychotika,1
CARDIO_002435,inferolateral ischemia,inferolaterale Ischämie,inferolateral ischemia,inferolaterale ischämie,2
CARDIO_002436,exertional angina,Belastungsangina,exertional angina,belastungsangina,2
CARDIO_002437,VF,VF,vf,vf,1
CARDIO_002438,RHD,RHD,rhd,rhd,1
CARDIO_002439,RHD,RHD,rhd,rhd,1
CARDIO_002440,pHTN,pHTN,phtn,phtn,1
CARDIO_002441,Streptococcus,Streptococcus,streptococcus,streptococcus,1
CARDIO_002442,pseudosyncopal episodes,pseudosynkopale Episoden,pseudosyncopal episodes,pseudosynkopale episoden,1
CARDIO_002443,cardiorenal syndrome,Kardorenales Syndrom,cardiorenal syndrome,kardorenales syndrom,1
CARDIO_002444,arterial occlusion,arterielle Okklusion,arterial occlusion,arterielle okklusion,3
CARDIO_002445,CONGESTIVE FAILURE,KONGESTIVE HERZINSUFFIZIENZ,congestive failure,kongestive herzinsuffizienz,1
CARDIO_002446,pulmonary hypertention,pulmonale Hypertonie,pulmonary hypertention,pulmonale hypertonie,1
CARDIO_002447,aortobifem,Aortobifem,aortobifem,aortobifem,1
CARDIO_002448,ARTERIOVENOUS,ARTERIOVENÖS,arteriovenous,arteriovenös,1
CARDIO_002449,tilt table,Kipptisch,tilt table,kipptisch,1
CARDIO_002450,aromatase inhibitors,Aromatasehemmer,aromatase inhibitors,aromatasehemmer,1
CARDIO_002451,rate - control,Frequenzkontrolle,rate - control,frequenzkontrolle,1
CARDIO_002452,nuclear stress,nukleare Belastungsuntersuchung,nuclear stress,nukleare belastungsuntersuchung,1
CARDIO_002453,angiotensin converting enzyme inhibitors,Angiotensin-Converting-Enzym-Hemmer,angiotensin converting enzyme inhibitors,angiotensin-converting-enzym-hemmer,1
CARDIO_002454,TWI,TWI,twi,twi,1
CARDIO_002455,biventricular,biventrikulär,biventricular,biventrikulär,1
CARDIO_002456,Nitropaste,Nitropaste,nitropaste,nitropaste,1
CARDIO_002457,ef,ef,ef,ef,1
CARDIO_002458,cardiovert,kardiovertieren,cardiovert,kardiovertieren,1
CARDIO_002459,angiotensin receptor,Angiotensin-Rezeptor,angiotensin receptor,angiotensin-rezeptor,1
CARDIO_002460,angiotensin - converting enzyme,Angiotensin-konvertierendes Enzym,angiotensin - converting enzyme,angiotensin-konvertierendes enzym,1
CARDIO_002461,Idiopathic pulmonary fibrosis,Idiopathische Lungenfibrose,idiopathic pulmonary fibrosis,idiopathische lungenfibrose,1
CARDIO_002462,lassix,Lassix,lassix,lassix,1
CARDIO_002463,SUBCLAVIAN ARTERY,ARTERIA SUBCLAVIA,subclavian artery,arteria subclavia,2
CARDIO_002464,heart rate,Herzfrequenz,heart rate,herzfrequenz,3
CARDIO_002465,A -,A -,a -,a -,1
CARDIO_002466,CO,CO,co,co,2
CARDIO_002467,SVR,SVR,svr,svr,1
CARDIO_002468,pulmonary artery pressures,Lungenarteriendrücke,pulmonary artery pressures,lungenarteriendrücke,4
CARDIO_002469,digitalize,Digitalisieren,digitalize,digitalisieren,3
CARDIO_002470,microalbumin to creatinine ratio,Mikroalbumin-Kreatinin-Verhältnis,microalbumin to creatinine ratio,mikroalbumin-kreatinin-verhältnis,1
CARDIO_002471,celiac axis,Truncus coeliacus,celiac axis,truncus coeliacus,1
CARDIO_002472,Parameters,Parameter,parameters,parameter,1
CARDIO_002473,HOCM,HOCM,hocm,hocm,1
CARDIO_002474,palpable pulse,tastbarer Puls,palpable pulse,tastbarer puls,1
CARDIO_002475,ST elevations,ST-Hebungen,st elevations,st-hebungen,1
CARDIO_002476,anginal,anginal,anginal,anginal,1
CARDIO_002477,coronary event,koronares Ereignis,coronary event,koronares ereignis,2
CARDIO_002478,beta - blockers,Beta-Blocker,beta - blockers,beta-blocker,2
CARDIO_002479,CARTO,CARTO,carto,carto,1
CARDIO_002480,inferior mesenteric,Arteria mesenterica inferior,inferior mesenteric,arteria mesenterica inferior,1
CARDIO_002481,522499/**ID,522499/**ID,522499/**id,522499/**id,1
CARDIO_002482,ST elevation depression,ST-Hebungsdepression,st elevation depression,st-hebungsdepression,1
CARDIO_002483,QAM,QAM,qam,qam,1
CARDIO_002484,Q6H,Q6H,q6h,q6h,1
CARDIO_002485,conductive,leitend,conductive,leitend,1
CARDIO_002486,pericarditic,perikarditisch,pericarditic,perikarditisch,1
CARDIO_002487,fasting lipid panels,Nüchtern-Blutfettwerte,fasting lipid panels,nüchtern-blutfettwerte,1
CARDIO_002488,OBSTRUCTIVE PULMONARY DISEASE,OBSTRUKTIVE LUNGENERKRANKUNG,obstructive pulmonary disease,obstruktive lungenerkrankung,1
CARDIO_002489,truncus,Truncus,truncus,truncus,1
CARDIO_002490,strips,Streifen,strips,streifen,1
CARDIO_002491,telemonitor,Telemonitor,telemonitor,telemonitor,1
CARDIO_002492,monitored bed,überwachtes Bett,monitored bed,überwachtes bett,4
CARDIO_002493,mechanical compression device,mechanisches Kompressionsgerät,mechanical compression device,mechanisches kompressionsgerät,1
CARDIO_002494,scimitar,Scimitar,scimitar,scimitar,1
CARDIO_002495,balancing exercise,Gleichgewichtsübungen,balancing exercise,gleichgewichtsübungen,1
CARDIO_002496,QST,QST,qst,qst,1
CARDIO_002497,cardiac ischemia,Herzischämie,cardiac ischemia,herzischämie,2
CARDIO_002498,coronary ischemic,koronare Ischämie,coronary ischemic,koronare ischämie,1
CARDIO_002499,PT wave inversions,PT-Wellen-Inversionen,pt wave inversions,pt-wellen-inversionen,1
CARDIO_002500,Flex monitor,Flex-Monitor,flex monitor,flex-monitor,2
CARDIO_002501,V-pace,V-Pace,v-pace,v-pace,1
CARDIO_002502,Heart Disease,Herzerkrankung,heart disease,herzerkrankung,1
CARDIO_002503,coronary ischemia,koronare Ischämie,coronary ischemia,koronare ischämie,3
CARDIO_002504,RIMA,RIMA,rima,rima,1
CARDIO_002505,anginal equivalent,Angina-Äquivalent,anginal equivalent,angina-äquivalent,2
CARDIO_002506,H. influenzae,H. influenzae,h. influenzae,h. influenzae,1
CARDIO_002507,postcardiac,postkardial,postcardiac,postkardial,1
CARDIO_002508,bnp,bnp,bnp,bnp,1
CARDIO_002509,angiotensin - converting enzyme inhibitor,Angiotensin-konvertierendes Enzym-Hemmer,angiotensin - converting enzyme inhibitor,angiotensin-konvertierendes enzym-hemmer,2
CARDIO_002510,Hypercholesterolemia,Hypercholesterinämie,hypercholesterolemia,hypercholesterinämie,2
CARDIO_002511,peripherial,peripher,peripherial,peripher,2
CARDIO_002512,hyzaar,Hyzaar,hyzaar,hyzaar,1
CARDIO_002513,AFib,Vorhofflimmern,afib,vorhofflimmern,2
CARDIO_002514,left main coronary artery,linke Hauptkoronararterie,left main coronary artery,linke hauptkoronararterie,4
CARDIO_002515,LVF,LVF,lvf,lvf,1
CARDIO_002516,anterior cerebrals,vordere Hirngefäße,anterior cerebrals,vordere hirngefäße,1
CARDIO_002517,alpha agent,Alpha-Wirkstoff,alpha agent,alpha-wirkstoff,1
CARDIO_002518,FSE,FSE,fse,fse,2
CARDIO_002519,microangiopathic,mikroangiopathisch,microangiopathic,mikroangiopathisch,1
CARDIO_002520,vegetative endocarditis,vegetative Endokarditis,vegetative endocarditis,vegetative endokarditis,1
CARDIO_002521,corticoid,Kortikoid,corticoid,kortikoid,1
CARDIO_002522,now,now,now,now,1
CARDIO_002523,klebsiella,Klebsiella,klebsiella,klebsiella,1
CARDIO_002524,cardiac myopathy,Herzmuskelmyopathie,cardiac myopathy,herzmuskelmyopathie,1
CARDIO_002525,CCTV,CCTV,cctv,cctv,1
CARDIO_002526,monitored,überwacht,monitored,überwacht,1
CARDIO_002527,circulatory,Kreislauf,circulatory,kreislauf,5
CARDIO_002528,Cardiologist,Kardiologe,cardiologist,kardiologe,2
CARDIO_002529,ATRIAL FIBRILLATION,Vorhofflimmern,atrial fibrillation,vorhofflimmern,7
CARDIO_002530,ASID,ASID,asid,asid,1
CARDIO_002531,tertiary syphilis,Tertiärsyphilis,tertiary syphilis,tertiärsyphilis,1
CARDIO_002532,circumflex coronary,Zirkumflex-Koronararterie,circumflex coronary,zirkumflex-koronararterie,1
CARDIO_002533,coronary artery,Koronararterie,coronary artery,koronararterie,2
CARDIO_002534,tachybradycardia,Tachybradykardie,tachybradycardia,tachybradykardie,1
CARDIO_002535,TACHY - BRADYCARDIA SYNDROME,TACHY-BRADYKARDIE-SYNDROM,tachy - bradycardia syndrome,tachy-bradykardie-syndrom,1
CARDIO_002536,artery disease status,Status der Arterienerkrankung,artery disease status,status der arterienerkrankung,1
CARDIO_002537,post CABG,nach CABG,post cabg,nach cabg,1
CARDIO_002538,mitral stenosis,Mitralstenose,mitral stenosis,mitralstenose,1
CARDIO_002539,atrioseptal defect,Vorhofseptumdefekt,atrioseptal defect,vorhofseptumdefekt,1
CARDIO_002540,artificial heart valve,künstliche Herzklappe,artificial heart valve,künstliche herzklappe,1
CARDIO_002541,abdominal aortic,Bauchaorta,abdominal aortic,bauchaorta,1
CARDIO_002542,inter - stitial pulmonary fibrosis,interstitielle Lungenfibrose,inter - stitial pulmonary fibrosis,interstitielle lungenfibrose,1
CARDIO_002543,subinfundibular,subinfundibulär,subinfundibular,subinfundibulär,1
CARDIO_002544,Fontan,Fontan,fontan,fontan,1
CARDIO_002545,intraatrial,intraatrial,intraatrial,intraatrial,1
CARDIO_002546,coarctation of the aorta,Aortenkoarktation,coarctation of the aorta,aortenkoarktation,1
CARDIO_002547,ST elevation MI,ST-Hebungs-MI,st elevation mi,st-hebungs-mi,2
CARDIO_002548,VVI Biotronik,VVI Biotronik,vvi biotronik,vvi biotronik,1
CARDIO_002549,bioprosthetic aortic valve,bioprothetische Aortenklappe,bioprosthetic aortic valve,bioprothetische aortenklappe,1
CARDIO_002550,NYHA Class,NYHA-Klasse,nyha class,nyha-klasse,1
CARDIO_002551,NYHA Class III -,NYHA-Klasse III –,nyha class iii -,nyha-klasse iii –,1
CARDIO_002552,pulmonary atresia,Pulmonalatresie,pulmonary atresia,pulmonalatresie,2
CARDIO_002553,cerebrovascular disease,zerebrovaskuläre Erkrankung,cerebrovascular disease,zerebrovaskuläre erkrankung,4
CARDIO_002554,percutaneous coronary intervention,perkutane Koronarintervention,percutaneous coronary intervention,perkutane koronarintervention,4
CARDIO_002555,non-ST elevation MI,Myokardinfarkt ohne ST-Streckenhebung,non-st elevation mi,myokardinfarkt ohne st-streckenhebung,2
CARDIO_002556,MIs,Myokardinfarkte,mis,myokardinfarkte,1
CARDIO_002557,ventricular atrial shunt,Ventrikel-Vorhof-Shunt,ventricular atrial shunt,ventrikel-vorhof-shunt,1
CARDIO_002558,idiopathic pulmonary fibrosis,idiopathische Lungenfibrose,idiopathic pulmonary fibrosis,idiopathische lungenfibrose,3
CARDIO_002559,interior wall myocardial infarction,Myokardinfarkt der Innenwand,interior wall myocardial infarction,myokardinfarkt der innenwand,1
CARDIO_002560,atrial,atrial,atrial,atrial,2
CARDIO_002561,bioprosthetic valves,bioprothetische Herzklappen,bioprosthetic valves,bioprothetische herzklappen,1
CARDIO_002562,non - ST segment elevation,ohne ST-Streckenhebung,non - st segment elevation,ohne st-streckenhebung,1
CARDIO_002563,CORONARY ARTERY BYPASS GRAFTING,KORONARARTERIEN-BYPASS-IMPLANTATION,coronary artery bypass grafting,koronararterien-bypass-implantation,7
CARDIO_002564,LEFT ANTERIOR DESCENDING ARTERY,LINKE VORDERE ABSTEIGENDE ARTERIE,left anterior descending artery,linke vordere absteigende arterie,2
CARDIO_002565,RIGHT CORONARY ARTERY,RECHTE KORONARARTERIE,right coronary artery,rechte koronararterie,3
CARDIO_002566,DIAGONAL,DIAGONAL,diagonal,diagonal,3
CARDIO_002567,right posterior descending artery,rechte hintere absteigende Arterie,right posterior descending artery,rechte hintere absteigende arterie,1
CARDIO_002568,dual - chamber pacemaker,Zweikammer-Herzschrittmacher,dual - chamber pacemaker,zweikammer-herzschrittmacher,2
CARDIO_002569,BACTERIAL,BAKTERIELL,bacterial,bakteriell,1
CARDIO_002570,SUBACUTE BACTERIAL ENDOCARDITIS,SUBAKUTE BAKTERIELLE ENDOCARDITIS,subacute bacterial endocarditis,subakute bakterielle endocarditis,1
CARDIO_002571,BACTERIAL ENDOCARDITIS,BAKTERIELLE ENDOCARDITIS,bacterial endocarditis,bakterielle endocarditis,1
CARDIO_002572,NEPHROTIC SYNDROME,NEPHROTISCHES SYNDROM,nephrotic syndrome,nephrotisches syndrom,1
CARDIO_002573,Atrial fluttering,Vorhofflattern,atrial fluttering,vorhofflattern,1
CARDIO_002574,TRANSESOPHAGEAL ECHOCARDIOGRAM,TRANSESOPHAGEALES ECHOKARDIOGRAMM,transesophageal echocardiogram,transesophageales echokardiogramm,1
CARDIO_002575,PASD,PASD,pasd,pasd,5
CARDIO_002576,Desmin,Desmin,desmin,desmin,2
CARDIO_002577,Endomyocardial,Endomyokard,endomyocardial,endomyokard,1
CARDIO_002578,Artery,Arterie,artery,arterie,1
CARDIO_002579,Celiac,Truncus coeliacus,celiac,truncus coeliacus,1
CARDIO_002580,Aortic,Aortenklappe,aortic,aortenklappe,1
CARDIO_002581,DFT,DFT,dft,dft,1
CARDIO_002582,DFTs,DFTs,dfts,dfts,1
CARDIO_002583,amphetamines,Amphetamine,amphetamines,amphetamine,1
CARDIO_002584,arrythmias,Arrhythmien,arrythmias,arrhythmien,1
CARDIO_002585,central venous pressures,Zentralvenendrücke,central venous pressures,zentralvenendrücke,1
CARDIO_002586,OM3,OM3,om3,om3,1
CARDIO_002587,Epogen,Epogen,epogen,epogen,8
CARDIO_002588,asa,asa,asa,asa,1
CARDIO_002589,mean arterial pressures,mittlere arterielle Drücke,mean arterial pressures,mittlere arterielle drücke,2
CARDIO_002590,pulmonic,pulmonal,pulmonic,pulmonal,1
CARDIO_002591,jugular venous pressure,Jugularvenendruck,jugular venous pressure,jugularvenendruck,1
CARDIO_002592,pacemaker interrogations,Herzschrittmacher-Abfragen,pacemaker interrogations,herzschrittmacher-abfragen,1
CARDIO_002593,tachyarrhythmic,tachyarrhythmisch,tachyarrhythmic,tachyarrhythmisch,1
CARDIO_002594,AV,AV,av,av,1
CARDIO_002595,intrventricular conduction delay,intrventrikuläre Leitungsverzögerung,intrventricular conduction delay,intrventrikuläre leitungsverzögerung,1
CARDIO_002596,q waves,q-Wellen,q waves,q-wellen,1
CARDIO_002597,echo showed an ejection fraction,Das Echokardiogramm zeigte eine Ejektionsfraktion,echo showed an ejection fraction,das echokardiogramm zeigte eine ejektionsfraktion,1
CARDIO_002598,Ebstein,Ebstein,ebstein,ebstein,1
CARDIO_002599,Conus,Conus,conus,conus,1
CARDIO_002600,pulsus,Pulsus,pulsus,pulsus,1
CARDIO_002601,DDT,DDT,ddt,ddt,1
CARDIO_002602,low rate limit,niedrige Frequenzgrenze,low rate limit,niedrige frequenzgrenze,1
CARDIO_002603,myocardial profusion scan,Myokardperfusionsscan,myocardial profusion scan,myokardperfusionsscan,1
CARDIO_002604,12-lead electrocardiogram,12-Kanal-Elektrokardiogramm,12-lead electrocardiogram,12-kanal-elektrokardiogramm,3
CARDIO_002605,myelitis,Myelitis,myelitis,myelitis,2
CARDIO_002606,V-tach,V-Tach,v-tach,v-tach,1
CARDIO_002607,troponin -,Troponin -,troponin -,troponin -,1
CARDIO_002608,descending aorta,absteigende Aorta,descending aorta,absteigende aorta,2
CARDIO_002609,stroke index,Schlaganfall-Index,stroke index,schlaganfall-index,1
CARDIO_002610,systemic vascular resistance,systemischer Gefäßwiderstand,systemic vascular resistance,systemischer gefäßwiderstand,1
CARDIO_002611,preejection period,Preejektionsperiode,preejection period,preejektionsperiode,1
CARDIO_002612,right ventrical,Rechtsventrikel,right ventrical,rechtsventrikel,1
CARDIO_002613,right ventricular pressure,Druck im rechten Ventrikel,right ventricular pressure,druck im rechten ventrikel,1
CARDIO_002614,pressors,Blutdruckerhöher,pressors,blutdruckerhöher,3
CARDIO_002615,valve,Herzklappe,valve,herzklappe,1
CARDIO_002616,Maxzide,Maxzide,maxzide,maxzide,1
CARDIO_002617,NT,NT,nt,nt,1
CARDIO_002618,PAF,PAF,paf,paf,1
CARDIO_002619,peripheral artery disease,periphere arterielle Verschlusskrankheit,peripheral artery disease,periphere arterielle verschlusskrankheit,1
CARDIO_002620,aberrancy conduction,Leitungsabweichung,aberrancy conduction,leitungsabweichung,1
CARDIO_002621,paraventricular,paraventrikulär,paraventricular,paraventrikulär,1
CARDIO_002622,holter monitor,Holter-Monitor,holter monitor,holter-monitor,1
CARDIO_002623,valve disorder,Herzklappenerkrankung,valve disorder,herzklappenerkrankung,1
CARDIO_002624,portal HTN,portale Hypertonie,portal htn,portale hypertonie,1
CARDIO_002625,VERAPAMIL,VERAPAMIL,verapamil,verapamil,4
CARDIO_002626,Hemodynamics,Hämodynamik,hemodynamics,hämodynamik,1
CARDIO_002627,PAP Systolic,PAP systolisch,pap systolic,pap systolisch,1
CARDIO_002628,TR,TR,tr,tr,3
CARDIO_002629,Hemodynamically,Hämodynamisch,hemodynamically,hämodynamisch,3
CARDIO_002630,CEREBROVASCULAR DISEASE,ZEREBROVASKULÄRE ERKRANKUNG,cerebrovascular disease,zerebrovaskuläre erkrankung,2
CARDIO_002631,arterial phase,arterielle Phase,arterial phase,arterielle phase,1
CARDIO_002632,trapezius ridge,Trapezmuskelkamm,trapezius ridge,trapezmuskelkamm,1
CARDIO_002633,Tachycardic,Tachykardisch,tachycardic,tachykardisch,3
CARDIO_002634,VPCs,VPCs,vpcs,vpcs,1
CARDIO_002635,systolic ejection type,systolischer Auswurf-Typ,systolic ejection type,systolischer auswurf-typ,1
CARDIO_002636,arrested,Herzstillstand,arrested,herzstillstand,4
CARDIO_002637,tricuspid annulus,Tricuspidalklappenring,tricuspid annulus,tricuspidalklappenring,2
CARDIO_002638,blowing crescendo -,pfeifendes Crescendo –,blowing crescendo -,pfeifendes crescendo –,1
CARDIO_002639,crescendo,Crescendo,crescendo,crescendo,3
CARDIO_002640,ICD-9-CM,ICD-9-CM,icd-9-cm,icd-9-cm,2
CARDIO_002641,0.25,0.25,0.25,0.25,1
CARDIO_002642,75,75,75,75,1
CARDIO_002643,40,40,40,40,1
CARDIO_002644,NADOLOL,NADOLOL,nadolol,nadolol,2
CARDIO_002645,SPIRONOLACTONE,SPIRONOLACTON,spironolactone,spironolacton,1
CARDIO_002646,lisinopril,Lisinopril,lisinopril,lisinopril,1
CARDIO_002647,amlodipine,Amlodipin,amlodipine,amlodipin,1
CARDIO_002648,benazepril,Benazepril,benazepril,benazepril,1
CARDIO_002649,00:00,00:00,00:00,00:00,1
CARDIO_002650,CILOSTAZOL,CILOSTAZOL,cilostazol,cilostazol,1
CARDIO_002651,Travatan,Travatan,travatan,travatan,2
CARDIO_002652,isosorbide,Isosorbid,isosorbide,isosorbid,1
CARDIO_002653,AMIODARONE,AMIODARON,amiodarone,amiodaron,1
CARDIO_002654,20,20,20,20,2
CARDIO_002655,doxazosin,Doxazosin,doxazosin,doxazosin,4
CARDIO_002656,DOXAZOSIN MESYLATE,DOXAZOSINMESYLAT,doxazosin mesylate,doxazosinmesylat,1
CARDIO_002657,LATANOPROST,LATANOPROST,latanoprost,latanoprost,1
CARDIO_002658,ISOSORBIDE MONONITRATE,ISOSORBIDMONONITRAT,isosorbide mononitrate,isosorbidmononitrat,5
CARDIO_002659,ATENOLOL,ATENOLOL,atenolol,atenolol,3
CARDIO_002660,AMLODIPINE,AMLODIPIN,amlodipine,amlodipin,4
CARDIO_002661,60,60,60,60,1
CARDIO_002662,For Systolic,Für systolisch,for systolic,für systolisch,1
CARDIO_002663,22:00:00,22:00:00,22:00:00,22:00:00,1
CARDIO_002664,cardiac,kardial,cardiac,kardial,1
CARDIO_002665,levothyroxine,Levothyroxin,levothyroxine,levothyroxin,3
CARDIO_002666,APAP / ASA /,APAP / ASA /,apap / asa /,apap / asa /,1
CARDIO_002667,7,7,7,7,1
CARDIO_002668,VALSARTAN,VALSARTAN,valsartan,valsartan,1
CARDIO_002669,Narcotic,Narkotikum,narcotic,narkotikum,1
CARDIO_002670,HYPERTENSION,BLUTHOCHDRUCK,hypertension,bluthochdruck,1
CARDIO_002671,DIGOXIN,DIGOXIN,digoxin,digoxin,3
CARDIO_002672,ventricular,ventrikulär,ventricular,ventrikulär,1
CARDIO_002673,spontaneously,spontan,spontaneously,spontan,3
CARDIO_002674,drug - eluting,Wirkstoff – freisetzend,drug - eluting,wirkstoff – freisetzend,1
CARDIO_002675,pacemaker,Herzschrittmacher,pacemaker,herzschrittmacher,1
CARDIO_002676,Verapamil,Verapamil,verapamil,verapamil,2
CARDIO_002677,procedure .,Eingriff .,procedure .,eingriff .,1
CARDIO_002678,DP,DP,dp,dp,1
CARDIO_002679,transesophageal echocardiography,transösophageale Echokardiographie,transesophageal echocardiography,transösophageale echokardiographie,3
CARDIO_002680,ACE inhibitors,ACE-Hemmer,ace inhibitors,ace-hemmer,1
CARDIO_002681,hemodynamicly,hämodynamisch,hemodynamicly,hämodynamisch,1
CARDIO_002682,ventricular escape,ventrikuläre Extrasystole,ventricular escape,ventrikuläre extrasystole,1
CARDIO_002683,Atacand,Atacand,atacand,atacand,1
CARDIO_002684,Quinapril,Quinapril,quinapril,quinapril,2
CARDIO_002685,Diuril,Diuril,diuril,diuril,3
CARDIO_002686,mg of IV Lasix,mg Lasix intravenös,mg of iv lasix,mg lasix intravenös,1
CARDIO_002687,tachy - brady syndrome,Tachy-Brady-Syndrom,tachy - brady syndrome,tachy-brady-syndrom,1
CARDIO_002688,posterolateral branch of the right coronary artery,posterolateraler Ast der rechten Koronararterie,posterolateral branch of the right coronary artery,posterolateraler ast der rechten koronararterie,3
CARDIO_002689,St . Jude medical regent,St. Jude Medical Regent,st . jude medical regent,st. jude medical regent,1
CARDIO_002690,drug eluting stents,medikamentenfreisetzende Stents,drug eluting stents,medikamentenfreisetzende stents,1
CARDIO_002691,drug - alluding stent,Medikament – in Anlehnung an Stent,drug - alluding stent,medikament – in anlehnung an stent,1
CARDIO_002692,angioblastoma multiform,Angioblastoma multiforme,angioblastoma multiform,angioblastoma multiforme,1
CARDIO_002693,caged ball,Käfigball,caged ball,käfigball,1
CARDIO_002694,ventricular assistive device,Ventrikelunterstützungssystem,ventricular assistive device,ventrikelunterstützungssystem,1
CARDIO_002695,mid - LAD lesion,Läsion im mittleren Abschnitt der LAD,mid - lad lesion,läsion im mittleren abschnitt der lad,1
CARDIO_002696,heart,Herz,heart,herz,1
CARDIO_002697,MIs,Myokardinfarkte,mis,myokardinfarkte,1
CARDIO_002698,proverb,Sprichwort,proverb,sprichwort,1
CARDIO_002699,obstructive sleep - apnea,obstruktive Schlafapnoe,obstructive sleep - apnea,obstruktive schlafapnoe,1
CARDIO_002700,dobutanine,Dobutamin,dobutanine,dobutamin,1
CARDIO_002701,ascending aortic,aufsteigende Aorta,ascending aortic,aufsteigende aorta,1
CARDIO_002702,PEA,PEA,pea,pea,2
CARDIO_002703,Mouth,Mund,mouth,mund,1
CARDIO_002704,100,100,100,100,1
CARDIO_002705,Misc,Sonstiges,misc,sonstiges,1
CARDIO_002706,125mL,125 ml,125ml,125 ml,1
CARDIO_002707,FA,FA,fa,fa,1
CARDIO_002708,Torsemide,Torsemid,torsemide,torsemid,1
CARDIO_002709,IV isosorbide,Isosorbid (i.v.),iv isosorbide,isosorbid (i.v.),1
CARDIO_002710,QAM magnesium,QAM-Magnesium,qam magnesium,qam-magnesium,1
CARDIO_002711,BID,BID,bid,bid,1
CARDIO_002712,CURRENT,AKTUELL,current,aktuell,1
CARDIO_002713,: Vital,: Vital,: vital,: vital,1
CARDIO_002714,DISTAL,DISTAL,distal,distal,1
CARDIO_002715,hyperreninemic hyperaldosteronism,hyperreninämischer Hyperaldosteronismus,hyperreninemic hyperaldosteronism,hyperreninämischer hyperaldosteronismus,1
CARDIO_002716,mechanical support,mechanische Unterstützung,mechanical support,mechanische unterstützung,1
CARDIO_002717,radial artery conduit,Radialarterien-Transplantat,radial artery conduit,radialarterien-transplantat,1
CARDIO_002718,ventricularly,ventrikulär,ventricularly,ventrikulär,1
CARDIO_002719,beta blocks,Betablocker,beta blocks,betablocker,1
CARDIO_002720,dicyclomine,Dicyclomin,dicyclomine,dicyclomin,1
CARDIO_002721,DC cardioversions,Gleichstrom-Kardioversionen,dc cardioversions,gleichstrom-kardioversionen,1
CARDIO_002722,coronary artery stenting,Stentimplantation in einer Koronararterie,coronary artery stenting,stentimplantation in einer koronararterie,2
CARDIO_002723,tamponade physiology,Physiologie der Tamponade,tamponade physiology,physiologie der tamponade,1
CARDIO_002724,three vessel coronary artery disease,Drei-Gefäß-Koronarkrankheit,three vessel coronary artery disease,drei-gefäß-koronarkrankheit,1
CARDIO_002725,cardiopulmonary renal syndrome,kardiopulmonales Nierensyndrom,cardiopulmonary renal syndrome,kardiopulmonales nierensyndrom,1
CARDIO_002726,T - waves,T-Wellen,t - waves,t-wellen,1
CARDIO_002727,completion pneumonectomy,vollständige Pneumonektomie,completion pneumonectomy,vollständige pneumonektomie,2
CARDIO_002728,toprol xl,Toprol XL,toprol xl,toprol xl,1
CARDIO_002729,CHF,CHF,chf,chf,1
CARDIO_002730,an,an,an,an,1
CARDIO_002731,pulmonary insufficiency,Pulmonalinsuffizienz,pulmonary insufficiency,pulmonalinsuffizienz,1
CARDIO_002732,ventricular atrial shunt,Ventrikel-Vorhof-Shunt,ventricular atrial shunt,ventrikel-vorhof-shunt,1
CARDIO_002733,venous insufficiency,venöse Insuffizienz,venous insufficiency,venöse insuffizienz,2
CARDIO_002734,morphological,morphologisch,morphological,morphologisch,1
CARDIO_002735,BIV - ICD,BIV – ICD,biv - icd,biv – icd,1
CARDIO_002736,circumflex artery,Circumflex-Arterie,circumflex artery,circumflex-arterie,4
CARDIO_002737,systemic anti - inflammatory response syndrome,systemisches entzündungshemmendes Reaktionssyndrom,systemic anti - inflammatory response syndrome,systemisches entzündungshemmendes reaktionssyndrom,1
CARDIO_002738,NIHA,NIHA,niha,niha,1
CARDIO_002739,ventricular peritoneal shunt,ventrikuloperitonealer Shunt,ventricular peritoneal shunt,ventrikuloperitonealer shunt,1
CARDIO_002740,wide ventricular complex,breiter ventrikulärer Komplex,wide ventricular complex,breiter ventrikulärer komplex,1
CARDIO_002741,triple vessel coronary disease,Dreifach-Koronarerkrankung,triple vessel coronary disease,dreifach-koronarerkrankung,1
CARDIO_002742,pancarditis,Pankarditis,pancarditis,pankarditis,1
CARDIO_002743,arrests,Herzstillstände,arrests,herzstillstände,1
CARDIO_002744,electrical cardioversion,elektrische Kardioversion,electrical cardioversion,elektrische kardioversion,1
CARDIO_002745,poor R wave,schwache R-Welle,poor r wave,schwache r-welle,1
CARDIO_002746,R wave,R-Welle,r wave,r-welle,1
CARDIO_002747,mitral reguritation,Mitralinsuffizienz,mitral reguritation,mitralinsuffizienz,1
CARDIO_002748,subclavian steal,Subclavia-Steal-Syndrom,subclavian steal,subclavia-steal-syndrom,1
CARDIO_002749,circumflex PCI,Circumflex-PCI,circumflex pci,circumflex-pci,1
CARDIO_002750,ST elevation myocardial infarction,ST-Hebungs-Myokardinfarkt,st elevation myocardial infarction,st-hebungs-myokardinfarkt,2
CARDIO_002751,trigeminy,Trigeminy,trigeminy,trigeminy,2
CARDIO_002752,2-D echocardiogram,2-D-Echokardiogramm,2-d echocardiogram,2-d-echokardiogramm,2
CARDIO_002753,nonhemolytic strep,nicht-hämolytische Streptokokken,nonhemolytic strep,nicht-hämolytische streptokokken,1
CARDIO_002754,implantable cardioverter defibrillator,Implantierbarer Kardioverter-Defibrillator,implantable cardioverter defibrillator,implantierbarer kardioverter-defibrillator,1
CARDIO_002755,off-pump,Off-Pump,off-pump,off-pump,2
CARDIO_002756,subclavian steel,Subclavian-Stahl,subclavian steel,subclavian-stahl,1
CARDIO_002757,adrenaline,Adrenalin,adrenaline,adrenalin,2
CARDIO_002758,bradycardias,Bradykardien,bradycardias,bradykardien,1
CARDIO_002759,arrhythmias,Arrhythmien,arrhythmias,arrhythmien,1
CARDIO_002760,inferolateral ischemia,inferolaterale Ischämie,inferolateral ischemia,inferolaterale ischämie,1
CARDIO_002761,amlodipine,Amlodipin,amlodipine,amlodipin,1
CARDIO_002762,milrinone,Milrinon,milrinone,milrinon,1
CARDIO_002763,20,20,20,20,1
CARDIO_002764,bigeminal,bigemin,bigeminal,bigemin,1
CARDIO_002765,autonomic,autonom,autonomic,autonom,1
CARDIO_002766,blood circulation,Blutzirkulation,blood circulation,blutzirkulation,1
CARDIO_002767,ventricular assist devices,Ventrikelunterstützungssysteme,ventricular assist devices,ventrikelunterstützungssysteme,1
CARDIO_002768,elephant is sitting on his chest,Ein Elefant sitzt auf seiner Brust.,elephant is sitting on his chest,ein elefant sitzt auf seiner brust.,1
CARDIO_002769,arterial venous bridge,arteriell-venöse Brücke,arterial venous bridge,arteriell-venöse brücke,1
CARDIO_002770,Mobitz type,Mobitz-Typ,mobitz type,mobitz-typ,1
CARDIO_002771,DOBUTamine,Dobutamin,dobutamine,dobutamin,1
CARDIO_002772,FiO2,FiO₂,fio2,fio₂,4
CARDIO_002773,TIME,TIME,time,time,1
CARDIO_002774,Cardiac,Herz,cardiac,herz,1
CARDIO_002775,Abdomen,Bauch,abdomen,bauch,2
CARDIO_002776,alpha blockers,Alpha-Blocker,alpha blockers,alpha-blocker,1
CARDIO_002777,SCM,SCM,scm,scm,1
CARDIO_002778,Glomerulonephritis,Glomerulonephritis,glomerulonephritis,glomerulonephritis,1
CARDIO_002779,we,we,we,we,1
CARDIO_002780,primary hyperaldosteronism,Primärer Hyperaldosteronismus,primary hyperaldosteronism,primärer hyperaldosteronismus,1
CARDIO_002781,Conn 's,Conn-Syndrom,conn 's,conn-syndrom,1
CARDIO_002782,trifascicular,trifaszikulär,trifascicular,trifaszikulär,1
CARDIO_002783,trifasicular,trifasikulär,trifasicular,trifasikulär,1
CARDIO_002784,right ventricular pressures,Rechtsventrikuläre Drücke,right ventricular pressures,rechtsventrikuläre drücke,1
CARDIO_002785,low sodium diet,natriumarme Ernährung,low sodium diet,natriumarme ernährung,1
CARDIO_002786,valvular,klappenbedingt,valvular,klappenbedingt,1
CARDIO_002787,mg,mg,mg,mg,1
CARDIO_002788,mg,mg,mg,mg,1
CARDIO_002789,mg,mg,mg,mg,1
CARDIO_002790,Stress Test,Belastungstest,stress test,belastungstest,1
CARDIO_002791,RBBB,RBBB,rbbb,rbbb,1
CARDIO_002792,Paced rhythm,Schrittmacherrhythmus,paced rhythm,schrittmacherrhythmus,1
CARDIO_002793,C / C / E,C / C / E,c / c / e,c / c / e,2
CARDIO_002794,c / c /,c / c /,c / c /,c / c /,1
CARDIO_002795,E.F.,E.F.,e.f.,e.f.,1
CARDIO_002796,microalbumin,Mikroalbumin,microalbumin,mikroalbumin,2
CARDIO_002797,desmin,Desmin,desmin,desmin,1
CARDIO_002798,SUPRAVENTRICULAR TACHYCARDIA,supraventrikuläre Tachykardie,supraventricular tachycardia,supraventrikuläre tachykardie,1
CARDIO_002799,SUPRAVENTRICULAR,SUPRAVENTRIKULÄR,supraventricular,supraventrikulär,1
CARDIO_002800,STEMI,STEMI,stemi,stemi,2
CARDIO_002801,beta -,beta -,beta -,beta -,1
CARDIO_002802,septic shock .,septischer Schock.,septic shock .,septischer schock.,1
CARDIO_002803,Ludwig angina,Ludwig-Angina,ludwig angina,ludwig-angina,1
CARDIO_002804,tachyarrhythmias,Tachyarrhythmien,tachyarrhythmias,tachyarrhythmien,1
CARDIO_002805,third space,Dritter Raum,third space,dritter raum,1
CARDIO_002806,elevated cardiac enzyme,erhöhte Herz-Enzymwerte,elevated cardiac enzyme,erhöhte herz-enzymwerte,1
CARDIO_002807,artery was,Arterie war,artery was,arterie war,1
CARDIO_002808,Flutter,Flutter,flutter,flutter,1
CARDIO_002809,cell saver blood,Cell-Saver-Blut,cell saver blood,cell-saver-blut,1
CARDIO_002810,Fib --&gt,Vorhofflimmern --&gt,fib --&gt,vorhofflimmern --&gt,1
CARDIO_002811,- blocker .,- Blocker .,- blocker .,- blocker .,1
CARDIO_002812,DIASTOLE,DIASTOLE,diastole,diastole,1
CARDIO_002813,transmyocardial holmium YAG laser revascularization,Transmyokardiale Holmium-YAG-Laser-Revaskularisation,transmyocardial holmium yag laser revascularization,transmyokardiale holmium-yag-laser-revaskularisation,1
CARDIO_002814,PERIGRAFT,PERIGRAFT,perigraft,perigraft,1
CARDIO_002815,NEPHROSCLEROSIS,NEPHROSKLEROSE,nephrosclerosis,nephrosklerose,1
CARDIO_002816,cardiac enlargement,Herzvergrößerung,cardiac enlargement,herzvergrößerung,3
CARDIO_002817,interventricular extension,interventrikuläre Ausdehnung,interventricular extension,interventrikuläre ausdehnung,2
CARDIO_002818,lumbar aorta,Lendenaorta,lumbar aorta,lendenaorta,1
CARDIO_002819,wall echo shadow,Wand-Echoshadow,wall echo shadow,wand-echoshadow,1
CARDIO_002820,atriocaval,atriokaval,atriocaval,atriokaval,1
CARDIO_002821,triphasic,triphasisch,triphasic,triphasisch,1
CARDIO_002822,axillary,axillär,axillary,axillär,1
CARDIO_002823,hasright ventricular,hat eine rechtsventrikuläre,hasright ventricular,hat eine rechtsventrikuläre,1
CARDIO_002824,right ventricular hypertrophy,Rechtsventrikuläre Hypertrophie,right ventricular hypertrophy,rechtsventrikuläre hypertrophie,1
CARDIO_002825,pontomedullary,Pontomedullär,pontomedullary,pontomedullär,1
CARDIO_002826,pulmonary venous hypertension,pulmonale venöse Hypertonie,pulmonary venous hypertension,pulmonale venöse hypertonie,1
CARDIO_002827,interconnecting,miteinander verbunden,interconnecting,miteinander verbunden,2
CARDIO_002828,cardiac,kardial,cardiac,kardial,1
CARDIO_002829,ventriclar,ventrikulär,ventriclar,ventrikulär,1
CARDIO_002830,projection,Projektion,projection,projektion,3
CARDIO_002831,SwanGanz catheter,Swan-Ganz-Katheter,swanganz catheter,swan-ganz-katheter,1
CARDIO_002832,echo,Echo,echo,echo,1
CARDIO_002833,technetium-99 m m DTPA,Technetium-99m m DTPA,technetium-99 m m dtpa,technetium-99m m dtpa,1
CARDIO_002834,ECG,ECG,ecg,ecg,3
CARDIO_002835,Cardiomegaly,Kardiomegalie,cardiomegaly,kardiomegalie,5
CARDIO_002836,lateral ventricles,Seitenventrikel,lateral ventricles,seitenventrikel,2
CARDIO_002837,internal mammary,inneres Brustgefäß,internal mammary,inneres brustgefäß,1
CARDIO_002838,right atrium,Rechter Vorhof,right atrium,rechter vorhof,3
CARDIO_002839,Insignia,Insignia,insignia,insignia,1
CARDIO_002840,Bacterial endocarditis,Bakterielle Endokarditis,bacterial endocarditis,bakterielle endokarditis,1
CARDIO_002841,femoral,femoral,femoral,femoral,2
CARDIO_002842,hypertensive heart disease,hypertensive Herzerkrankung,hypertensive heart disease,hypertensive herzerkrankung,2
CARDIO_002843,Acute myocardial infarction,Akuter Myokardinfarkt,acute myocardial infarction,akuter myokardinfarkt,1
CARDIO_002844,triple coronary bypass,Dreifacher Koronarbypass,triple coronary bypass,dreifacher koronarbypass,1
CARDIO_002845,MOnitor,MOnitor,monitor,monitor,1
CARDIO_002846,Fasting lipid profile,Nüchtern-Lipidprofil,fasting lipid profile,nüchtern-lipidprofil,1
CARDIO_002847,premature coronary artery disease,vorzeitige koronare Herzkrankheit,premature coronary artery disease,vorzeitige koronare herzkrankheit,2
CARDIO_002848,coronary thrombosis,Koronarthrombose,coronary thrombosis,koronarthrombose,1
CARDIO_002849,atrophies,Atrophien,atrophies,atrophien,1
CARDIO_002850,Dorsailis Pedis,Dorsalis pedis,dorsailis pedis,dorsalis pedis,1
CARDIO_002851,AXIAL,AXIAL,axial,axial,1
CARDIO_002852,EJECT,EJECT,eject,eject,1
CARDIO_002853,EJECT,EJECT,eject,eject,1
CARDIO_002854,AORTIC ARCH,AORTENBOGEN,aortic arch,aortenbogen,3
CARDIO_002855,C /,C /,c /,c /,1
CARDIO_002856,AZYGOUS CONTINUATION OF THE INFERIOR VENA CAVA,AZYGOS-FORTSETZUNG DER UNTEREN HOLEN VENE,azygous continuation of the inferior vena cava,azygos-fortsetzung der unteren holen vene,1
CARDIO_002857,quinidine,Chinidin,quinidine,chinidin,1
CARDIO_002858,oxygenenation,Sauerstoffanreicherung,oxygenenation,sauerstoffanreicherung,1
CARDIO_002859,INTRACEREBRAL HEMATOMA,INTRAZEREBRALES HÄMATOM,intracerebral hematoma,intrazerebrales hämatom,1
CARDIO_002860,CARDIOPLEGIC,KARDIOPLEGISCH,cardioplegic,kardioplegisch,1
CARDIO_002861,AF,AF,af,af,1
CARDIO_002862,Epinephrine,Adrenalin,epinephrine,adrenalin,4
CARDIO_002863,peripherial neuropathy,periphere Neuropathie,peripherial neuropathy,periphere neuropathie,1
CARDIO_002864,Atentolol,Atentolol,atentolol,atentolol,1
CARDIO_002865,creatine phosphokinase,Kreatinphosphokinase,creatine phosphokinase,kreatinphosphokinase,1
CARDIO_002866,arotic,arotisch,arotic,arotisch,1
CARDIO_002867,mitral,Mitralklappe,mitral,mitralklappe,2
CARDIO_002868,Electrophysiology study,Elektrophysiologische Untersuchung,electrophysiology study,elektrophysiologische untersuchung,1
CARDIO_002869,atrial flutters,Vorhofflattern,atrial flutters,vorhofflattern,1
CARDIO_002870,subendothelium,Subendothel,subendothelium,subendothel,1
CARDIO_002871,Electrocautery,Elektrokauterisation,electrocautery,elektrokauterisation,1
CARDIO_002872,R - waves,R-Wellen,r - waves,r-wellen,1
CARDIO_002873,second degree AV,AV-Block zweiten Grades,second degree av,av-block zweiten grades,1
CARDIO_002874,anteroseptal,anteroseptal,anteroseptal,anteroseptal,1
CARDIO_002875,ELECTROCARDIOGRAM,Elektrokardiogramm,electrocardiogram,elektrokardiogramm,1
CARDIO_002876,st elevation,ST-Hebung,st elevation,st-hebung,1
CARDIO_002877,STT,STT,stt,stt,2
CARDIO_002878,left anterior hemiblock,linker anteriorer Hemiblock,left anterior hemiblock,linker anteriorer hemiblock,3
CARDIO_002879,bundle - branch block,Bündel-Ästen-Block,bundle - branch block,bündel-ästen-block,1
CARDIO_002880,premature atrial complexes,vorzeitige Vorhofkomplexe,premature atrial complexes,vorzeitige vorhofkomplexe,1
CARDIO_002881,intraventricular,intraventrikulär,intraventricular,intraventrikulär,2
CARDIO_002882,Q waves,Q-Wellen,q waves,q-wellen,2
CARDIO_002883,S-T,S-T,s-t,s-t,1
CARDIO_002884,aVL,aVL,avl,avl,1
CARDIO_002885,nonspecific septal lateral wall T wave abnormality,unspezifische T-Wellen-Anomalie an der lateralen Wand des Septums,nonspecific septal lateral wall t wave abnormality,unspezifische t-wellen-anomalie an der lateralen wand des septums,1
CARDIO_002886,AvF,AvF,avf,avf,1
CARDIO_002887,anterior,anterior,anterior,anterior,1
CARDIO_002888,right bundle branch block,Rechtsschenkelblock,right bundle branch block,rechtsschenkelblock,7
CARDIO_002889,st elevations,ST-Hebungen,st elevations,st-hebungen,1
CARDIO_002890,ekg,ekg,ekg,ekg,1
CARDIO_002891,lateral ST segment depression,laterale ST-Senkung,lateral st segment depression,laterale st-senkung,1
CARDIO_002892,ST depression,ST-Senkung,st depression,st-senkung,4
CARDIO_002893,premature supraventricular complex,vorzeitiger supraventrikulärer Komplex,premature supraventricular complex,vorzeitiger supraventrikulärer komplex,1
CARDIO_002894,ST,ST,st,st,1
CARDIO_002895,left anterior vesicular block,linker vorderer vesikulärer Block,left anterior vesicular block,linker vorderer vesikulärer block,1
CARDIO_002896,RSR prime,RSR-prime,rsr prime,rsr-prime,1
CARDIO_002897,left anterior fascicular block,vorderer linker Bündelastblock,left anterior fascicular block,vorderer linker bündelastblock,2
CARDIO_002898,ventricularly paced,ventrikulär stimuliert,ventricularly paced,ventrikulär stimuliert,1
CARDIO_002899,sinus tachycardic,sinustachykardisch,sinus tachycardic,sinustachykardisch,1
CARDIO_002900,digitalis,Digitalis,digitalis,digitalis,2
CARDIO_002901,poor R wave progression,schlechte R-Wellen-Progression,poor r wave progression,schlechte r-wellen-progression,1
CARDIO_002902,conductional,Leitungs-,conductional,leitungs-,1
CARDIO_002903,sinus,Sinus,sinus,sinus,1
CARDIO_002904,WPW,WPW,wpw,wpw,1
CARDIO_002905,interventricular conduction defect,interventrikulärer Leitungsdefekt,interventricular conduction defect,interventrikulärer leitungsdefekt,1
CARDIO_002906,P - R,P - R,p - r,p - r,1
CARDIO_002907,Q,Q,q,q,4
CARDIO_002908,premature supraventricular,vorzeitige supraventrikuläre,premature supraventricular,vorzeitige supraventrikuläre,1
CARDIO_002909,V7,V7,v7,v7,1
CARDIO_002910,premature atrial contraction complexes,Komplexe vorzeitiger Vorhofkontraktionen,premature atrial contraction complexes,komplexe vorzeitiger vorhofkontraktionen,1
CARDIO_002911,junctional rhythm,Junktionsrhythmus,junctional rhythm,junktionsrhythmus,2
CARDIO_002912,cerebrovascular,zerebrovaskulär,cerebrovascular,zerebrovaskulär,1
CARDIO_002913,ejection,Ejektionsfraktion,ejection,ejektionsfraktion,1
CARDIO_002914,tremor,Tremor,tremor,tremor,1
CARDIO_002915,Q - Tc interval,Q-Tc-Intervall,q - tc interval,q-tc-intervall,1
CARDIO_002916,Q,Q,q,q,1
CARDIO_002917,MR,MR,mr,mr,3
CARDIO_002918,TR,TR,tr,tr,4
CARDIO_002919,ventricular irritability,ventrikuläre Erregbarkeit,ventricular irritability,ventrikuläre erregbarkeit,1
CARDIO_002920,; aortic,; aortisch,; aortic,; aortisch,1
CARDIO_002921,/ tricuspid,/ Trikuspidalklappe,/ tricuspid,/ trikuspidalklappe,1
CARDIO_002922,vascular,vaskulär,vascular,vaskulär,1
CARDIO_002923,mitral valve regurge,Mitralklappeninsuffizienz,mitral valve regurge,mitralklappeninsuffizienz,1
CARDIO_002924,tricuspid regurge,Trikuspidalklappeninsuffizienz,tricuspid regurge,trikuspidalklappeninsuffizienz,1
CARDIO_002925,QT interval,QT-Intervall,qt interval,qt-intervall,1
CARDIO_002926,RBBB,RBBB,rbbb,rbbb,1
CARDIO_002927,neoascending aorta,neoascendierende Aorta,neoascending aorta,neoascendierende aorta,1
CARDIO_002928,ARTERIOLONEPHROSCLEROSIS,ARTERIOLONEPHROSKLEROSE,arteriolonephrosclerosis,arteriolonephrosklerose,1
CARDIO_002929,Dysautonomia,Dysautonomie,dysautonomia,dysautonomie,1
CARDIO_002930,ST -,ST -,st -,st -,1
CARDIO_002931,COX-2 inhibitor,COX-2-Hemmer,cox-2 inhibitor,cox-2-hemmer,1
CARDIO_002932,Normal pressure hydrocephalus,Normaldruck-Hydrozephalus,normal pressure hydrocephalus,normaldruck-hydrozephalus,1
CARDIO_002933,BID,BID,bid,bid,2
CARDIO_002934,"Ears , Nose , and Throat","Ohren, Nase und Hals","ears , nose , and throat","ohren, nase und hals",1
CARDIO_002935,Dissection,Dissektion,dissection,dissektion,4
CARDIO_002936,PMR,PMR,pmr,pmr,1
CARDIO_002937,ventricular tachycardias,Ventrikuläre Tachykardien,ventricular tachycardias,ventrikuläre tachykardien,1
CARDIO_002938,CARPENTIER - EDWARDS PHYSIO - RING,CARPENTIER-EDWARDS-PHYSIO-RING,carpentier - edwards physio - ring,carpentier-edwards-physio-ring,1
CARDIO_002939,Felodipine,Felodipin,felodipine,felodipin,2
CARDIO_002940,bactrim DS,Bactrim DS,bactrim ds,bactrim ds,1
CARDIO_002941,procardia,Procardia,procardia,procardia,1
CARDIO_002942,Lidocain,Lidocain,lidocain,lidocain,1
CARDIO_002943,09:00:00,09:00:00,09:00:00,09:00:00,1
CARDIO_002944,09:00:00,09:00:00,09:00:00,09:00:00,1
CARDIO_002945,catapres,Catapres,catapres,catapres,1
CARDIO_002946,Atenlolo,Atenolol,atenlolo,atenolol,1
CARDIO_002947,Low sodium diet,Natriumarme Ernährung,low sodium diet,natriumarme ernährung,2
CARDIO_002948,peromanent pacemaker,permanenter Herzschrittmacher,peromanent pacemaker,permanenter herzschrittmacher,1
CARDIO_002949,tissue plasmogen,Gewebe-Plasmogen,tissue plasmogen,gewebe-plasmogen,1
CARDIO_002950,Coronary Artery Bypass Graft,Koronararterien-Bypass-Transplantat,coronary artery bypass graft,koronararterien-bypass-transplantat,2
CARDIO_002951,Murmur,Herzgeräusch,murmur,herzgeräusch,2
CARDIO_002952,ICD-9-CM 427.31,ICD-9-CM 427.31,icd-9-cm 427.31,icd-9-cm 427.31,2
CARDIO_002953,Diovan Hydrochloride,Diovan-Hydrochlorid,diovan hydrochloride,diovan-hydrochlorid,1
CARDIO_002954,OM,OM,om,om,1
CARDIO_002955,NT suctioning,NT-Absaugung,nt suctioning,nt-absaugung,1
CARDIO_002956,hepatorenal,hepatorenal,hepatorenal,hepatorenal,1
CARDIO_002957,sodium restriction,Natriumrestriktion,sodium restriction,natriumrestriktion,3
CARDIO_002958,trans fat,Transfett,trans fat,transfett,4
CARDIO_002959,Dicyclomine,Dicyclomin,dicyclomine,dicyclomin,1
CARDIO_002960,U waves,U-Wellen,u waves,u-wellen,1
CARDIO_002961,T - wave,T-Welle,t - wave,t-welle,2
CARDIO_002962,AV - sequential pacemaker,AV-Sequenzschrittmacher,av - sequential pacemaker,av-sequenzschrittmacher,1
CARDIO_002963,ST,ST,st,st,1
CARDIO_002964,myocyte,Myozyt,myocyte,myozyt,3
CARDIO_002965,Valvular heart disease,Herzklappenerkrankung,valvular heart disease,herzklappenerkrankung,2
CARDIO_002966,Respiratory insufficiency,Ateminsuffizienz,respiratory insufficiency,ateminsuffizienz,1
CARDIO_002967,V-V ECMO,V-V-ECMO,v-v ecmo,v-v-ecmo,1
CARDIO_002968,Tetraology of Fallot,Fallot-Tetralogie,tetraology of fallot,fallot-tetralogie,1
CARDIO_002969,Boston Scientific Insignia device,Boston Scientific Insignia-Gerät,boston scientific insignia device,boston scientific insignia-gerät,1
CARDIO_002970,ventricular,ventrikulär,ventricular,ventrikulär,1
CARDIO_002971,A - flutter,A – Flutter,a - flutter,a – flutter,1
CARDIO_002972,cardiological,kardiologisch,cardiological,kardiologisch,1
CARDIO_002973,murmur,Herzgeräusch,murmur,herzgeräusch,1
CARDIO_002974,Degenerative changes,Degenerative Veränderungen,degenerative changes,degenerative veränderungen,4
CARDIO_002975,Defibrillation,Defibrillation,defibrillation,defibrillation,1
CARDIO_002976,Moraxella,Moraxella,moraxella,moraxella,1
CARDIO_002977,kg,kg,kg,kg,1
CARDIO_002978,Repeat,Wiederholung,repeat,wiederholung,1
CARDIO_002979,IABP,IABP,iabp,iabp,1
CARDIO_002980,antiarrhthmics,Antiarrhythmika,antiarrhthmics,antiarrhythmika,1
CARDIO_002981,polycystic kidney,polyzystische Nierenerkrankung,polycystic kidney,polyzystische nierenerkrankung,1
CARDIO_002982,aneurysm with possible,Aneurysma mit möglicher,aneurysm with possible,aneurysma mit möglicher,1
CARDIO_002983,bradyarrhythmias,Bradyarrhythmien,bradyarrhythmias,bradyarrhythmien,1
CARDIO_002984,R - wave progression,R-Wellen-Progression,r - wave progression,r-wellen-progression,1
CARDIO_002985,streptococcus intermedius,Streptococcus intermedius,streptococcus intermedius,streptococcus intermedius,1
CARDIO_002986,diastolic CHF,diastolische Herzinsuffizienz,diastolic chf,diastolische herzinsuffizienz,1
CARDIO_002987,hemodynamicaly,hämodynamisch,hemodynamicaly,hämodynamisch,1
CARDIO_002988,statin,Statine,statin,statine,2
CARDIO_002989,agrenox,Agrenox,agrenox,agrenox,1
CARDIO_002990,paroxysmal afibrillation,paroxysmales Vorhofflimmern,paroxysmal afibrillation,paroxysmales vorhofflimmern,1
CARDIO_002991,rate controlled,frequenzkontrolliert,rate controlled,frequenzkontrolliert,1
CARDIO_002992,cath,Katheter,cath,katheter,2
CARDIO_002993,blood pressurs,Blutdruck,blood pressurs,blutdruck,1
CARDIO_002994,LOpressor,LOpressor,lopressor,lopressor,1
CARDIO_002995,Mitral insufficiency,Mitralinsuffizienz,mitral insufficiency,mitralinsuffizienz,1
CARDIO_002996,Troponins,Troponine,troponins,troponine,2
CARDIO_002997,thromboembolectomy,Thromboembolektomie,thromboembolectomy,thromboembolektomie,1
CARDIO_002998,systolic blood pressures,systolische Blutdruckwerte,systolic blood pressures,systolische blutdruckwerte,2
CARDIO_002999,Zestril,Zestril,zestril,zestril,2
CARDIO_003000,Minipress,Minipress,minipress,minipress,1
CARDIO_003001,Ramipril,Ramipril,ramipril,ramipril,1
CARDIO_003002,diphtheroid,diphtheroide,diphtheroid,diphtheroide,1
CARDIO_003003,pericardia,Perikard,pericardia,perikard,1
CARDIO_003004,Atherosclerotic,Atherosklerotisch,atherosclerotic,atherosklerotisch,4
CARDIO_003005,HIGH BLOOD,BLUTHOCHDRUCK,high blood,bluthochdruck,1
CARDIO_003006,CPKMB,CPKMB,cpkmb,cpkmb,1
CARDIO_003007,AoX,AoX,aox,aox,1
CARDIO_003008,monitoring,Überwachung,monitoring,überwachung,1
CARDIO_003009,BETA BLOCKERS,BETABLOCKER,beta blockers,betablocker,2
CARDIO_003010,Coronary sinus,Koronarsinus,coronary sinus,koronarsinus,1
CARDIO_003011,sustained SVT,anhaltende SVT,sustained svt,anhaltende svt,1
CARDIO_003012,VA,VA,va,va,1
CARDIO_003013,Coronary disease,Koronare Herzkrankheit,coronary disease,koronare herzkrankheit,1
CARDIO_003014,sinoatrial node,Sinusknoten,sinoatrial node,sinusknoten,1
CARDIO_003015,STENTING,STENTIMPLANTATION,stenting,stentimplantation,3
CARDIO_003016,CORONARY ARTERY,Koronararterie,coronary artery,koronararterie,2
CARDIO_003017,CIRCUMFLEX,CIRCUMFLEX,circumflex,circumflex,2
CARDIO_003018,non - ST elevation myocardial infarction,Myokardinfarkt ohne ST-Strecken-Hebung,non - st elevation myocardial infarction,myokardinfarkt ohne st-strecken-hebung,1
CARDIO_003019,circumflex,Circumflex,circumflex,circumflex,1
CARDIO_003020,drug eluting stents,medikamentenfreisetzende Stents,drug eluting stents,medikamentenfreisetzende stents,1
CARDIO_003021,cryo - maze,Kryo-Maze,cryo - maze,kryo-maze,1
CARDIO_003022,maze procedure,Maze-Verfahren,maze procedure,maze-verfahren,2
CARDIO_003023,remote myocardial infarction,früherer Myokardinfarkt,remote myocardial infarction,früherer myokardinfarkt,1
CARDIO_003024,post angioplasty,nach der Angioplastie,post angioplasty,nach der angioplastie,4
CARDIO_003025,Coronary artery bypass,Koronararterien-Bypass,coronary artery bypass,koronararterien-bypass,1
CARDIO_003026,LEFT ANTERIOR DESCENDING,LINKE VORDERE ABSTEIGENDE ARTERIE,left anterior descending,linke vordere absteigende arterie,1
CARDIO_003027,CORONARY ARTERY .,KORONARARTERIE .,coronary artery .,koronararterie .,1
CARDIO_003028,CORONARY ARTERY .,KORONARARTERIE .,coronary artery .,koronararterie .,1
CARDIO_003029,Coronary artery bypass grafting,Koronararterien-Bypass-Operation,coronary artery bypass grafting,koronararterien-bypass-operation,1
CARDIO_003030,Coronary artery bypass graft,Koronararterien-Bypass-Transplantat,coronary artery bypass graft,koronararterien-bypass-transplantat,1
CARDIO_003031,Coronary angiography,Koronarangiographie,coronary angiography,koronarangiographie,1
CARDIO_003032,panic disorder,Panikstörung,panic disorder,panikstörung,2
CARDIO_003033,waveform,Wellenform,waveform,wellenform,2
CARDIO_003034,biventricular cardiac assist devices,biventrikuläre Herzunterstützungsgeräte,biventricular cardiac assist devices,biventrikuläre herzunterstützungsgeräte,1
CARDIO_003035,beta,Beta,beta,beta,1
CARDIO_003036,labetolol,Labetolol,labetolol,labetolol,1
CARDIO_003037,dioxin,Dioxin,dioxin,dioxin,1
CARDIO_003038,anti - hypertensive,blutdrucksenkend,anti - hypertensive,blutdrucksenkend,1
CARDIO_003039,Valvular disease,Herzklappenerkrankung,valvular disease,herzklappenerkrankung,1
CARDIO_003040,tracleer,Tracleer,tracleer,tracleer,1
CARDIO_003041,Nutritional therapy,Ernährungstherapie,nutritional therapy,ernährungstherapie,1
CARDIO_003042,Unstable angina,Instabile Angina,unstable angina,instabile angina,1
CARDIO_003043,Nutrition Therapy,Ernährungstherapie,nutrition therapy,ernährungstherapie,1
CARDIO_003044,tachyrhythmia,Tachyrhythmie,tachyrhythmia,tachyrhythmie,1
CARDIO_003045,ARTERIOVENOUS FISTULA,ARTERIOVENÖSE FISTEL,arteriovenous fistula,arteriovenöse fistel,1
CARDIO_003046,zone cannula system,Zonenkanülensystem,zone cannula system,zonenkanülensystem,1
CARDIO_003047,MAP,MAP,map,map,1
CARDIO_003048,Congestive cardiomyopathy,Kongestive Kardiomyopathie,congestive cardiomyopathy,kongestive kardiomyopathie,1
CARDIO_003049,double-outlet left ventricle,Doppelausgangsventrikel,double-outlet left ventricle,doppelausgangsventrikel,1
CARDIO_003050,valvulotomy,Valvulotomie,valvulotomy,valvulotomie,1
CARDIO_003051,Diagonal,Diagonale,diagonal,diagonale,1
CARDIO_003052,Ascending aorta,Aufsteigende Aorta,ascending aorta,aufsteigende aorta,2
CARDIO_003053,Aortic Valve replacement,Aortenklappenersatz,aortic valve replacement,aortenklappenersatz,2
CARDIO_003054,Aortic valve,Aortenklappe,aortic valve,aortenklappe,1
CARDIO_003055,Valve Repair,Klappenreparatur,valve repair,klappenreparatur,1
CARDIO_003056,arterial venous,arteriell venös,arterial venous,arteriell venös,1
CARDIO_003057,Vit,Vit,vit,vit,1
CARDIO_003058,resume,Weiter,resume,weiter,1
CARDIO_003059,list,Liste,list,liste,1
CARDIO_003060,tilt,Tilt-Test,tilt,tilt-test,1
CARDIO_003061,INTERVENTRICULAR,INTERVENTRIKULÄR,interventricular,interventrikulär,1
CARDIO_003062,CONUS MEDULLARIS,CONUS MEDULLARIS,conus medullaris,conus medullaris,2
CARDIO_003063,occluder,Okkluder,occluder,okkluder,4
CARDIO_003064,TRICUSPID INSUFFICIENCIES,TRICUSPIDALINSUFFIZIENZEN,tricuspid insufficiencies,tricuspidalinsuffizienzen,1
CARDIO_003065,TRICUSPID,TRICUSPID,tricuspid,tricuspid,3
CARDIO_003066,SYSTOLIC PULMONARY PRESSURE,SYSTOLISCHER LUNGENDRUCK,systolic pulmonary pressure,systolischer lungendruck,1
CARDIO_003067,AV -,AV -,av -,av -,1
CARDIO_003068,anterior tibial,Arteria tibialis anterior,anterior tibial,arteria tibialis anterior,1
CARDIO_003069,tibioperoneal,tibioperoneal,tibioperoneal,tibioperoneal,1
CARDIO_003070,Clonidine hydrochloride,Clonidinhydrochlorid,clonidine hydrochloride,clonidinhydrochlorid,1
CARDIO_003071,PA catheter,PA-Katheter,pa catheter,pa-katheter,1
CARDIO_003072,Type A,Typ A,type a,typ a,1
CARDIO_003073,ARRHYTHMOGENIC RIGHT VENTRICULAR DYSPLASIA,ARRHYTHMOGENE RECHTE VENTRIKELDYSPLASIE,arrhythmogenic right ventricular dysplasia,arrhythmogene rechte ventrikeldysplasie,2
CARDIO_003074,cardiac tamponade,Herztamponade,cardiac tamponade,herztamponade,1
CARDIO_003075,tamponade,Tamponade,tamponade,tamponade,1
CARDIO_003076,stress tests,Belastungstests,stress tests,belastungstests,1
CARDIO_003077,CK - MB,CK - MB,ck - mb,ck - mb,1
CARDIO_003078,prostacyclin,Prostacyclin,prostacyclin,prostacyclin,1
CARDIO_003079,Htn,Htn,htn,htn,1
CARDIO_003080,cavoarterial,kavoarteriell,cavoarterial,kavoarteriell,1
CARDIO_003081,T-waves,T-Wellen,t-waves,t-wellen,1
CARDIO_003082,EKGs,EKGs,ekgs,ekgs,1
CARDIO_003083,MPI,MPI,mpi,mpi,1
CARDIO_003084,Tacchycardia,Tachykardie,tacchycardia,tachykardie,1
CARDIO_003085,Dig,Dig,dig,dig,1
CARDIO_003086,structural heart,strukturelle Herzerkrankung,structural heart,strukturelle herzerkrankung,1
CARDIO_003087,sodium channel,Natriumkanal,sodium channel,natriumkanal,1
CARDIO_003088,subacute bacterial endocarditis,subakute bakterielle Endokarditis,subacute bacterial endocarditis,subakute bakterielle endokarditis,1
CARDIO_003089,Central venous pressures,Zentralvenöse Drücke,central venous pressures,zentralvenöse drücke,1
CARDIO_003090,Cell Saver blood,Cell-Saver-Blut,cell saver blood,cell-saver-blut,1
CARDIO_003091,endothelial,endothelial,endothelial,endothelial,4
CARDIO_003092,Subclavian vein,Vena subclavia,subclavian vein,vena subclavia,1
CARDIO_003093,Obstructive,Obstruktiv,obstructive,obstruktiv,1
CARDIO_003094,CARDIOVASCULAR SYSTEM,HERZ-KREISLAUF-SYSTEM,cardiovascular system,herz-kreislauf-system,1
CARDIO_003095,Cardiovascular,Herz-Kreislauf,cardiovascular,herz-kreislauf,1
CARDIO_003096,phenylepinephrine,Phenylepinephrin,phenylepinephrine,phenylepinephrin,1
CARDIO_003097,pulses,Pulse,pulses,pulse,1
CARDIO_003098,DP pulses,DP-Pulse,dp pulses,dp-pulse,1
CARDIO_003099,mechnical,mechanisch,mechnical,mechanisch,1
CARDIO_003100,a fib,Vorhofflimmern,a fib,vorhofflimmern,2
CARDIO_003101,Pressors,Blutdruckerhöher,pressors,blutdruckerhöher,1
CARDIO_003102,Systolic Ejection Murmur,Systolisches Ejektionsgeräusch,systolic ejection murmur,systolisches ejektionsgeräusch,1
CARDIO_003103,Galaverdin,Galaverdin,galaverdin,galaverdin,1
CARDIO_003104,late -,spät -,late -,spät -,1
CARDIO_003105,puslus,Puls,puslus,puls,1
CARDIO_003106,b -,b -,b -,b -,1
CARDIO_003107,LVAD HM,LVAD HM,lvad hm,lvad hm,1
CARDIO_003108,pvc,pvc,pvc,pvc,1
CARDIO_003109,electrophysiological,elektrophysiologisch,electrophysiological,elektrophysiologisch,1
CARDIO_003110,beta-blocker,Betablocker,beta-blocker,betablocker,2
CARDIO_003111,non - Q - wave myocardial infarction,Nicht-Q-Wellen-Myokardinfarkt,non - q - wave myocardial infarction,nicht-q-wellen-myokardinfarkt,1
CARDIO_003112,aberrantly conductive complexes,abnorm geführte Komplexe,aberrantly conductive complexes,abnorm geführte komplexe,1
CARDIO_003113,T-wave,T-Welle,t-wave,t-welle,3
CARDIO_003114,Cardiogenic shock,kardiogener Schock,cardiogenic shock,kardiogener schock,1
CARDIO_003115,Postcardiotomy,Postkardiotomie,postcardiotomy,postkardiotomie,1
CARDIO_003116,SCLS,SCLS,scls,scls,1
CARDIO_003117,Cardiac output,Herzzeitvolumen,cardiac output,herzzeitvolumen,1
CARDIO_003118,Cardiac index,Herzindex,cardiac index,herzindex,3
CARDIO_003119,ejection murmur,Ejektionsgeräusch,ejection murmur,ejektionsgeräusch,2
CARDIO_003120,Cardiac,Kardial,cardiac,kardial,1
CARDIO_003121,Cardiac cath,Herzkatheterisierung,cardiac cath,herzkatheterisierung,3
CARDIO_003122,rapid,schnell,rapid,schnell,1
CARDIO_003123,Beta - Blockers,Beta-Blocker,beta - blockers,beta-blocker,1
CARDIO_003124,LEFT ATRIUM,LINKER VORHOF,left atrium,linker vorhof,2
CARDIO_003125,TRICUSPID,TRICUSPID,tricuspid,tricuspid,1
CARDIO_003126,aortopulmonic,aortopulmonal,aortopulmonic,aortopulmonal,1
CARDIO_003127,V2,V2,v2,v2,2
CARDIO_003128,Bypass surgery,Bypass-Operation,bypass surgery,bypass-operation,1
CARDIO_003129,rheumatoid fever,Rheumatisches Fieber,rheumatoid fever,rheumatisches fieber,1
CARDIO_003130,Haemophilus influenzae,Haemophilus influenzae,haemophilus influenzae,haemophilus influenzae,1
CARDIO_003131,Brimonidine tartrate,Brimonidintartrat,brimonidine tartrate,brimonidintartrat,1
CARDIO_003132,Conn,Conn,conn,conn,1
CARDIO_003133,primary,primär,primary,primär,1
CARDIO_003134,pericardial effusions,Perikardergüsse,pericardial effusions,perikardergüsse,1
CARDIO_003135,Brain stem,Hirnstamm,brain stem,hirnstamm,1
CARDIO_003136,Brain natriuretic peptide,Hirn-natriuretisches Peptid,brain natriuretic peptide,hirn-natriuretisches peptid,1
CARDIO_003137,ANEURYSMS,ANEURYSMA,aneurysms,aneurysma,1
CARDIO_003138,Blood pool images,Bilder des Blutpools,blood pool images,bilder des blutpools,1
CARDIO_003139,VNP,VNP,vnp,vnp,1
CARDIO_003140,BIVENTRICULAR AUTOMATIC IMPLANTABLE CARDIOVERTER -,BIVENTRIKULÄRER AUTOMATISCHER IMPLANTIERBARER KARDIOVERTER –,biventricular automatic implantable cardioverter -,biventrikulärer automatischer implantierbarer kardioverter –,1
CARDIO_003141,BIVENTRICULAR,BIVENTRIKULÄR,biventricular,biventrikulär,2
CARDIO_003142,CAMPBELL - WILLIAMS,CAMPBELL-WILLIAMS,campbell - williams,campbell-williams,1
CARDIO_003143,PTA,PTA,pta,pta,1
CARDIO_003144,Beta naturetic,Beta-natriuretisch,beta naturetic,beta-natriuretisch,1
CARDIO_003145,Beta natriuretic peptid,Beta-natriuretisches Peptid,beta natriuretic peptid,beta-natriuretisches peptid,1
CARDIO_003146,tricuspid region,Trikuspidalbereich,tricuspid region,trikuspidalbereich,1
CARDIO_003147,C6,C6,c6,c6,1
CARDIO_003148,axillary arterial,Axillare Arterie,axillary arterial,axillare arterie,1
CARDIO_003149,pacers,Herzschrittmacher,pacers,herzschrittmacher,1
CARDIO_003150,right internal mammary artery,rechte innere Brustarterie,right internal mammary artery,rechte innere brustarterie,1
CARDIO_003151,bypass,Bypass,bypass,bypass,1
CARDIO_003152,nuclear adenosine stress test,nuklearer Adenosin-Belastungstest,nuclear adenosine stress test,nuklearer adenosin-belastungstest,1
CARDIO_003153,His - Purkinje disease,His-Purkinje-Krankheit,his - purkinje disease,his-purkinje-krankheit,1
CARDIO_003154,arterial blood gasses,arterielle Blutgase,arterial blood gasses,arterielle blutgase,1
CARDIO_003155,MADIT SCD - HeFT,MADIT SCD – HeFT,madit scd - heft,madit scd – heft,1
CARDIO_003156,biventricular pacing defibrillator,biventrikulärer Schrittmacher-Defibrillator,biventricular pacing defibrillator,biventrikulärer schrittmacher-defibrillator,1
CARDIO_003157,tachycardias,Tachykardien,tachycardias,tachykardien,1
CARDIO_003158,arteriovenous node,arteriovenöser Knoten,arteriovenous node,arteriovenöser knoten,1
CARDIO_003159,rheumatic valvular,rheumatische Herzklappenerkrankung,rheumatic valvular,rheumatische herzklappenerkrankung,1
CARDIO_003160,streptococcus group D,Streptokokken der Gruppe D,streptococcus group d,streptokokken der gruppe d,1
CARDIO_003161,LEFT ANTERIOR,LINKE VORDERE,left anterior,linke vordere,1
CARDIO_003162,CIRCUNFLEX,CIRCUNFLEX,circunflex,circunflex,1
CARDIO_003163,REPERFUSION,REPERFUSION,reperfusion,reperfusion,1
CARDIO_003164,B type natriuretic,B-Typ-natriuretisches,b type natriuretic,b-typ-natriuretisches,1
CARDIO_003165,49,49,49,49,1
CARDIO_003166,36.3,36.3,36.3,36.3,1
CARDIO_003167,36.4,36.4,36.4,36.4,1
CARDIO_003168,worsening renal,Verschlechterung der Nierenfunktion,worsening renal,verschlechterung der nierenfunktion,1
CARDIO_003169,Beta - blockers,Beta-Blocker,beta - blockers,beta-blocker,1
CARDIO_003170,calcium channel blockers,Kalziumkanalblocker,calcium channel blockers,kalziumkanalblocker,1
CARDIO_003171,AV NODAL,AV-Knoten,av nodal,av-knoten,1
CARDIO_003172,AS murmur,AS-Geräusch,as murmur,as-geräusch,1
CARDIO_003173,Atrioventricular node,Atrioventrikulärer Knoten,atrioventricular node,atrioventrikulärer knoten,2
CARDIO_003174,LEAD,Elektrode,lead,elektrode,1
CARDIO_003175,Radial artery,Radialarterie,radial artery,radialarterie,1
CARDIO_003176,Ascending aorta,Aufsteigende Aorta,ascending aorta,aufsteigende aorta,4
CARDIO_003177,Intramyocardial,Intramyokardial,intramyocardial,intramyokardial,1
CARDIO_003178,supra - ventricular tachycardia,supraventrikuläre Tachykardie,supra - ventricular tachycardia,supraventrikuläre tachykardie,1
CARDIO_003179,Atrial,Vorhof,atrial,vorhof,1
CARDIO_003180,CORONARY ARTERIES,KORONARARTERIEN,coronary arteries,koronararterien,1
CARDIO_003181,coronary arteries .,Koronararterien.,coronary arteries .,koronararterien.,2
CARDIO_003182,end - organ,End – Organ,end - organ,end – organ,1
CARDIO_003183,cusp,Zahnspitze,cusp,zahnspitze,1
CARDIO_003184,nephrotic,nephrotisch,nephrotic,nephrotisch,1
CARDIO_003185,T / P / R,T / P / R,t / p / r,t / p / r,1
CARDIO_003186,esophagogastric mucosal junction,Ösophagogastrischer Schleimhautübergang,esophagogastric mucosal junction,ösophagogastrischer schleimhautübergang,1
CARDIO_003187,right coronary arteries,rechte Koronararterien,right coronary arteries,rechte koronararterien,1
CARDIO_003188,aspirins,Aspirin,aspirins,aspirin,1
CARDIO_003189,R-R interval,R-R-Intervall,r-r interval,r-r-intervall,1
CARDIO_003190,Wenckebach,Wenckebach,wenckebach,wenckebach,3
CARDIO_003191,New York Heart Association class I,New York Heart Association Klasse I,new york heart association class i,new york heart association klasse i,1
CARDIO_003192,end systolic area,endsystolische Fläche,end systolic area,endsystolische fläche,1
CARDIO_003193,end diastolic area,enddiastolischer Bereich,end diastolic area,enddiastolischer bereich,1
CARDIO_003194,end systolic,endsystolisch,end systolic,endsystolisch,1
CARDIO_003195,end diastolic,enddiastolisch,end diastolic,enddiastolisch,1
CARDIO_003196,MS - III,MS – III,ms - iii,ms – iii,1
CARDIO_003197,VENTRICULAR PERITONEAL SHUNT,VENTRIKULÄR-PERITONEALER SHUNT,ventricular peritoneal shunt,ventrikulär-peritonealer shunt,1
CARDIO_003198,VENTRICULAR,VENTRIKULÄR,ventricular,ventrikulär,1
CARDIO_003199,trifascicular block,Trifaszikulärer Block,trifascicular block,trifaszikulärer block,1
CARDIO_003200,micro and macrovascular disease,Mikro- und Makrovaskuläre Erkrankung,micro and macrovascular disease,mikro- und makrovaskuläre erkrankung,1
CARDIO_003201,Familial Mediteranean Anemia,Familiäre Mittelmeeranämie,familial mediteranean anemia,familiäre mittelmeeranämie,1
CARDIO_003202,isosorbide,Isosorbid,isosorbide,isosorbid,1
CARDIO_003203,ICD-9-CM,ICD-9-CM,icd-9-cm,icd-9-cm,1
CARDIO_003204,FIBRILLATION (,FIBRILLATION (,fibrillation (,fibrillation (,1
CARDIO_003205,ICD-9-CM,ICD-9-CM,icd-9-cm,icd-9-cm,1
CARDIO_003206,tricuspid valvae,Trikuspidalklappen,tricuspid valvae,trikuspidalklappen,1
CARDIO_003207,tachyarrhythmia,Tachyarrhythmie,tachyarrhythmia,tachyarrhythmie,1
CARDIO_003208,arteriovenous malformations,arteriovenöse Malformationen,arteriovenous malformations,arteriovenöse malformationen,1
CARDIO_003209,aortic iliac grafts,Aorten-Hüft-Transplantate,aortic iliac grafts,aorten-hüft-transplantate,1
CARDIO_003210,POEMS,POEMS,poems,poems,1
CARDIO_003211,macrovascular disease,makrovaskuläre Erkrankung,macrovascular disease,makrovaskuläre erkrankung,1
CARDIO_003212,capture,Capture,capture,capture,1
CARDIO_003213,pressors,Blutdrucksteigerer,pressors,blutdrucksteigerer,1
CARDIO_003214,cusp,Segel,cusp,segel,2
CARDIO_003215,stroke,Schlaganfall,stroke,schlaganfall,1
CARDIO_003216,stress dosing,Stressdosierung,stress dosing,stressdosierung,1
CARDIO_003217,SYSTOLIC PRESSURES,SYSTOLISCHE DRÜCKE,systolic pressures,systolische drücke,1
CARDIO_003218,PERICARDIUM,PERIKARD,pericardium,perikard,1
CARDIO_003219,CHRONIC PERICARDITIS,CHRONISCHE PERIKARDITIS,chronic pericarditis,chronische perikarditis,1
CARDIO_003220,Artifacts,Artefakte,artifacts,artefakte,1
CARDIO_003221,tachy,Tachy,tachy,tachy,2
CARDIO_003222,Arch,Bogen,arch,bogen,1
CARDIO_003223,projections,Prognosen,projections,prognosen,2
CARDIO_003224,non - ST - wave,Nicht-ST-Welle,non - st - wave,nicht-st-welle,1
CARDIO_003225,ST - wave,ST-Welle,st - wave,st-welle,1
CARDIO_003226,arched,gewölbt,arched,gewölbt,1
CARDIO_003227,A - V fistula,A-V-Fistel,a - v fistula,a-v-fistel,1
CARDIO_003228,triple vessel disease,Dreifachgefäßerkrankung,triple vessel disease,dreifachgefäßerkrankung,1
CARDIO_003229,Magna pericardial,Magna perikardial,magna pericardial,magna perikardial,1
CARDIO_003230,NON Q WAVE MI,MI ohne Q-Welle,non q wave mi,mi ohne q-welle,1
CARDIO_003231,Q WAVE,Q-WELLE,q wave,q-welle,1
CARDIO_003232,AORTIC BULB,AORTENBULBUS,aortic bulb,aortenbulbus,1
CARDIO_003233,Ankle - brachial indices,Knöchel-Arm-Index,ankle - brachial indices,knöchel-arm-index,1
CARDIO_003234,Angiotensin-converting enzyme inhibitor,Angiotensin-Converting-Enzym-Hemmer,angiotensin-converting enzyme inhibitor,angiotensin-converting-enzym-hemmer,1
CARDIO_003235,Angioplasty,Angioplastie,angioplasty,angioplastie,1
CARDIO_003236,CLAUDICATION,Claudicatio,claudication,claudicatio,1
CARDIO_003237,Sciatic nerve,Ischiasnerv,sciatic nerve,ischiasnerv,1
CARDIO_003238,Midazolam,Midazolam,midazolam,midazolam,2
CARDIO_003239,thoracics,Thoraxchirurgen,thoracics,thoraxchirurgen,1
CARDIO_003240,CVP,CVP,cvp,cvp,2
CARDIO_003241,CARTO,CARTO,carto,carto,2
CARDIO_003242,pulmonary vein vestibules,Lungenvenenvorhöfe,pulmonary vein vestibules,lungenvenenvorhöfe,1
CARDIO_003243,sympathetic,sympathisch,sympathetic,sympathisch,1
CARDIO_003244,AV sequential pacemaker,AV-Sequenzschrittmacher,av sequential pacemaker,av-sequenzschrittmacher,1
CARDIO_003245,acute lateral infarct,akuter lateraler Infarkt,acute lateral infarct,akuter lateraler infarkt,1
CARDIO_003246,mitral regurgiation,Mitralinsuffizienz,mitral regurgiation,mitralinsuffizienz,1
CARDIO_003247,hypokinetic anterior,hypokinetisch anterior,hypokinetic anterior,hypokinetisch anterior,1
CARDIO_003248,PAP,PAP,pap,pap,1
CARDIO_003249,RA,RA,ra,ra,1
CARDIO_003250,mitral insufficiency,Mitralinsuffizienz,mitral insufficiency,mitralinsuffizienz,2
CARDIO_003251,fossa,Fossa,fossa,fossa,1
CARDIO_003252,devitalized,devitalisiert,devitalized,devitalisiert,1
CARDIO_003253,alpha,alpha,alpha,alpha,1
CARDIO_003254,AA,AA,aa,aa,1
CARDIO_003255,thyroid toxicosis,Schilddrüsentoxikose,thyroid toxicosis,schilddrüsentoxikose,1
CARDIO_003256,Fanconi ' s syndrome,Fanconi-Syndrom,fanconi ' s syndrome,fanconi-syndrom,1
CARDIO_003257,takayasu,Takayasu,takayasu,takayasu,1
CARDIO_003258,precoronary stenting,Präkoronare Stentimplantation,precoronary stenting,präkoronare stentimplantation,1
CARDIO_003259,electrocardiograms,Elektrokardiogramme,electrocardiograms,elektrokardiogramme,1
CARDIO_003260,is coronary,ist koronar,is coronary,ist koronar,1
CARDIO_003261,ST elevation MI,ST-Hebungs-MI,st elevation mi,st-hebungs-mi,1
CARDIO_003262,hr,hr,hr,hr,1
CARDIO_003263,diltiazem,Diltiazem,diltiazem,diltiazem,1
CARDIO_003264,IV,IV,iv,iv,1
CARDIO_003265,interstitial pulmonary fibrosis,interstitielle Lungenfibrose,interstitial pulmonary fibrosis,interstitielle lungenfibrose,1
CARDIO_003266,plasminogen activator inhibitor,Plasminogenaktivator-Inhibitor,plasminogen activator inhibitor,plasminogenaktivator-inhibitor,1
CARDIO_003267,portal,portale,portal,portale,1
CARDIO_003268,autonomic dysfunction,autonome Dysfunktion,autonomic dysfunction,autonome dysfunktion,1
CARDIO_003269,COZAAR,COZAAR,cozaar,cozaar,1
CARDIO_003270,0,0,0,0,1
CARDIO_003271,bumetanide,Bumetanid,bumetanide,bumetanid,1
CARDIO_003272,ZESTRIL,ZESTRIL,zestril,zestril,1
CARDIO_003273,CARDIAC ARREST,Herzstillstand,cardiac arrest,herzstillstand,2
CARDIO_003274,ANGINA,ANGINA,angina,angina,1
CARDIO_003275,ACE INHIBITOR,ACE-HEMMER,ace inhibitor,ace-hemmer,2
CARDIO_003276,PROCARDIA,PROCARDIA,procardia,procardia,1
CARDIO_003277,CAFFEINE,KOFFEIN,caffeine,koffein,4
CARDIO_003278,TACHYCARDIC,TACHYKARD,tachycardic,tachykard,1
CARDIO_003279,Sotalol,Sotalol,sotalol,sotalol,1
CARDIO_003280,TIMOLOL,TIMOLOL,timolol,timolol,1
CARDIO_003281,MONOPRIL,MONOPRIL,monopril,monopril,1
CARDIO_003282,PRAZOSIN,PRAZOSIN,prazosin,prazosin,1
CARDIO_003283,LOTREL,LOTREL,lotrel,lotrel,2
CARDIO_003284,EPINEPHRINE,EPINEPHRIN,epinephrine,epinephrin,1
CARDIO_003285,Epinephrine,Adrenalin,epinephrine,adrenalin,1
CARDIO_003286,EPHEDRA,EPHEDRA,ephedra,ephedra,1
CARDIO_003287,ALTACE,ALTACE,altace,altace,1
CARDIO_003288,pulseless electrical activity,pulslose elektrische Aktivität,pulseless electrical activity,pulslose elektrische aktivität,2
CARDIO_003289,end - systolic velocities,End-systolische Geschwindigkeiten,end - systolic velocities,end-systolische geschwindigkeiten,1
CARDIO_003290,22:00:00,22:00:00,22:00:00,22:00:00,1
CARDIO_003291,13:34:00,13:34:00,13:34:00,13:34:00,1
CARDIO_003292,subendothelial,subendothelial,subendothelial,subendothelial,1
CARDIO_003293,aortic isthmus,Aortenisthmus,aortic isthmus,aortenisthmus,1
CARDIO_003294,aortopulmonary,aortopulmonal,aortopulmonary,aortopulmonal,1
CARDIO_003295,technetium-99 m,Technetium-99m,technetium-99 m,technetium-99m,1
CARDIO_003296,dofetilide,Dofetilid,dofetilide,dofetilid,1
CARDIO_003297,nonsustained ventricular tachycardia,nicht anhaltende ventrikuläre Tachykardie,nonsustained ventricular tachycardia,nicht anhaltende ventrikuläre tachykardie,1
CARDIO_003298,antitachycardia pacing,Antitachykardie-Stimulation,antitachycardia pacing,antitachykardie-stimulation,1
CARDIO_003299,Gastrointestinal,Magen-Darm-Trakt,gastrointestinal,magen-darm-trakt,1
CARDIO_003300,His bundle,His-Bündel,his bundle,his-bündel,2
CARDIO_003301,Vitatron,Vitatron,vitatron,vitatron,1
CARDIO_003302,Contak Renewal,Contak Renewal,contak renewal,contak renewal,1
CARDIO_003303,TIMI,TIMI,timi,timi,1
CARDIO_003304,aortic,Aorten-,aortic,aorten-,1
CARDIO_003305,Lidocaine,Lidocain,lidocaine,lidocain,1
CARDIO_003306,rapid - shallow breathing index,Index für schnelle – flache Atmung,rapid - shallow breathing index,index für schnelle – flache atmung,1
CARDIO_003307,tricuspid valve repair,Tricuspidalklappenrekonstruktion,tricuspid valve repair,tricuspidalklappenrekonstruktion,1
CARDIO_003308,atherosclerotic calcification,atherosklerotische Verkalkung,atherosclerotic calcification,atherosklerotische verkalkung,1
CARDIO_003309,Coronary Artery Bypass Grafting,Koronararterien-Bypass-Operation,coronary artery bypass grafting,koronararterien-bypass-operation,1
CARDIO_003310,Valver Repair,Klappenrekonstruktion,valver repair,klappenrekonstruktion,1
CARDIO_003311,annuloplasty ring,Anuloplastie-Ring,annuloplasty ring,anuloplastie-ring,1
CARDIO_003312,tetralogy of fallot,Fallot-Tetralogie,tetralogy of fallot,fallot-tetralogie,1
CARDIO_003313,tissue plasmogen activator,Gewebe-Plasminogenaktivator,tissue plasmogen activator,gewebe-plasminogenaktivator,1
CARDIO_003314,Adenosine stress test,Adenosin-Belastungstest,adenosine stress test,adenosin-belastungstest,1
CARDIO_003315,ventricular pacing,Ventrikuläre Stimulation,ventricular pacing,ventrikuläre stimulation,1
CARDIO_003316,VA,VA,va,va,2
CARDIO_003317,cerebellar vermis,Kleinhirnwurm,cerebellar vermis,kleinhirnwurm,1
CARDIO_003318,Acute unstable coronary,Akute instabile Koronarerkrankung,acute unstable coronary,akute instabile koronarerkrankung,1
CARDIO_003319,Acute stroke,Akuter Schlaganfall,acute stroke,akuter schlaganfall,2
CARDIO_003320,Acute Respiratory Failure,Akutes Atemversagen,acute respiratory failure,akutes atemversagen,3
CARDIO_003321,autopeep,Auto-PEEP,autopeep,auto-peep,1
CARDIO_003322,Acute pericarditis,Akute Perikarditis,acute pericarditis,akute perikarditis,1
CARDIO_003323,angiotensin receptor blockers,Angiotensin-Rezeptorblocker,angiotensin receptor blockers,angiotensin-rezeptorblocker,1
CARDIO_003324,NON-Q-WAVE MYOCARDIAL INFARCTION,MYOKARDINFARKT OHNE Q-WELLE,non-q-wave myocardial infarction,myokardinfarkt ohne q-welle,2
CARDIO_003325,ACUTE CORONARY SYNDROME,AKUTES KORONARSYNDROM,acute coronary syndrome,akutes koronarsyndrom,1
CARDIO_003326,exercise stress,Belastungstest,exercise stress,belastungstest,1
CARDIO_003327,Portal htn,Portale Hypertonie,portal htn,portale hypertonie,1
CARDIO_003328,aortic sac,Aortensack,aortic sac,aortensack,1
CARDIO_003329,mital,mital,mital,mital,1
CARDIO_003330,MYOCARDIAL PERFUSION IMAGES,MYOKARDPERFUSIONSBILDEN,myocardial perfusion images,myokardperfusionsbilden,1
CARDIO_003331,TROPONINS,TROPONINE,troponins,troponine,1
CARDIO_003332,Abdominal aorta,Bauchaorta,abdominal aorta,bauchaorta,1
CARDIO_003333,hepatojugular,hepatojugulär,hepatojugular,hepatojugulär,2
CARDIO_003334,Abdominal Aorta,Bauchaorta,abdominal aorta,bauchaorta,1
CARDIO_003335,alpha - BE,alpha - BE,alpha - be,alpha - be,1
CARDIO_003336,AS murmur,AS-Geräusch,as murmur,as-geräusch,1
CARDIO_003337,transthroacic echo,transthorakales Echo,transthroacic echo,transthorakales echo,1
CARDIO_003338,tilt - table,Kipptisch,tilt - table,kipptisch,1
CARDIO_003339,OM-3,OM-3,om-3,om-3,1
CARDIO_003340,atrially paced,atrial stimuliert,atrially paced,atrial stimuliert,1
CARDIO_003341,pulmoanry,pulmoanry,pulmoanry,pulmoanry,1
CARDIO_003342,bradycardic,bradykardisch,bradycardic,bradykardisch,1
CARDIO_003343,aortic neck,Aortenhals,aortic neck,aortenhals,1
CARDIO_003344,nuclear perfusion stress test,nuklearer Perfusions-Belastungstest,nuclear perfusion stress test,nuklearer perfusions-belastungstest,1
CARDIO_003345,esophagogastric,ösophagogastrisch,esophagogastric,ösophagogastrisch,2
CARDIO_003346,HRA,HRA,hra,hra,1
CARDIO_003347,transpulmonary,transpulmonal,transpulmonary,transpulmonal,1
CARDIO_003348,aorticopulmonary,aortopulmonal,aorticopulmonary,aortopulmonal,1
CARDIO_003349,cavotricuspid isthmus,Cavotricuspid-Isthmus,cavotricuspid isthmus,cavotricuspid-isthmus,1
CARDIO_003350,duodeca catheter,Duodeca-Katheter,duodeca catheter,duodeca-katheter,1
CARDIO_003351,PIC catheter,PIC-Katheter,pic catheter,pic-katheter,1
CARDIO_003352,subclavian pacemaker,Subclavia-Herzschrittmacher,subclavian pacemaker,subclavia-herzschrittmacher,1
CARDIO_003353,ablator catheter,Ablationskatheter,ablator catheter,ablationskatheter,1
CARDIO_003354,K -,K -,k -,k -,1
CARDIO_003355,QTC,QTC,qtc,qtc,1
CARDIO_003356,non - Q wave myocardial,"ohne Q-Welle, Myokard",non - q wave myocardial,"ohne q-welle, myokard",1
CARDIO_003357,organic heart disease,organische Herzerkrankung,organic heart disease,organische herzerkrankung,1
CARDIO_003358,electrocauterized,elektrokauterisiert,electrocauterized,elektrokauterisiert,1
CARDIO_003359,descending aortic,absteigende Aorta,descending aortic,absteigende aorta,3
CARDIO_003360,pulmonary,pulmonal,pulmonary,pulmonal,1
CARDIO_003361,CVP,CVP,cvp,cvp,1
CARDIO_003362,Hemophilus influenzae,Haemophilus influenzae,hemophilus influenzae,haemophilus influenzae,1
CARDIO_003363,aortic arch study,Untersuchung des Aortenbogens,aortic arch study,untersuchung des aortenbogens,1
CARDIO_003364,MC3 ring,MC3-Ring,mc3 ring,mc3-ring,1
CARDIO_003365,VSD,VSD,vsd,vsd,1
CARDIO_003366,septum,Septum,septum,septum,1
CARDIO_003367,2-D echocardiogram,2-D-Echokardiogramm,2-d echocardiogram,2-d-echokardiogramm,1
CARDIO_003368,Prucka,Prucka,prucka,prucka,1
CARDIO_003369,T - wave,T-Welle,t - wave,t-welle,1
CARDIO_003370,narrow complex tachycardia,Tachykardie mit schmalem Komplex,narrow complex tachycardia,tachykardie mit schmalem komplex,1
CARDIO_003371,SEMS,SEMS,sems,sems,1
CARDIO_003372,AV paced rhythm,AV-gestützter Rhythmus,av paced rhythm,av-gestützter rhythmus,1
CARDIO_003373,RVH,RVH,rvh,rvh,1
CARDIO_003374,LAE,LAE,lae,lae,1
CARDIO_003375,QAM,QAM,qam,qam,1
CARDIO_003376,tricuspid insufficiency,Trikuspidalinsuffizienz,tricuspid insufficiency,trikuspidalinsuffizienz,1
CARDIO_003377,IV,IV,iv,iv,1
CARDIO_003378,metoprolol,Metoprolol,metoprolol,metoprolol,1
CARDIO_003379,Left ventricular dysfunction,Linksventrikuläre Dysfunktion,left ventricular dysfunction,linksventrikuläre dysfunktion,1
CARDIO_003380,New York Heart Association Class,Klasse der New York Heart Association,new york heart association class,klasse der new york heart association,1
CARDIO_003381,protein pump inhibitor,Proteinpumpenhemmer,protein pump inhibitor,proteinpumpenhemmer,1
CARDIO_003382,Revatio,Revatio,revatio,revatio,1
CARDIO_003383,interventricular,interventrikulär,interventricular,interventrikulär,1
CARDIO_003384,LMCA,LMCA,lmca,lmca,1
CARDIO_003385,20,20,20,20,1
CARDIO_003386,II,II,ii,ii,2
CARDIO_003387,reinfarction,Reinfarkt,reinfarction,reinfarkt,1
CARDIO_003388,STelevation,ST-Hebung,stelevation,st-hebung,1
CARDIO_003389,CPK-MB,CPK-MB,cpk-mb,cpk-mb,1
CARDIO_003390,amyloid heart disease,Amyloid-Herzerkrankung,amyloid heart disease,amyloid-herzerkrankung,1
CARDIO_003391,pleuropericardial,pleuroperikardial,pleuropericardial,pleuroperikardial,1
CARDIO_003392,Atheromatous,Atheromatös,atheromatous,atheromatös,1
CARDIO_003393,aortic,aortisch,aortic,aortisch,1
CARDIO_003394,Supramaximal stress test,Supramaximaler Belastungstest,supramaximal stress test,supramaximaler belastungstest,1
CARDIO_003395,bicuspid aortic,bikuspidale Aortenklappe,bicuspid aortic,bikuspidale aortenklappe,1
CARDIO_003396,Hypertrophic obstructive cardiomyopathy,Hypertrophe obstruktive Kardiomyopathie,hypertrophic obstructive cardiomyopathy,hypertrophe obstruktive kardiomyopathie,1
CARDIO_003397,right ventricularpressure,Rechtsventrikulärdruck,right ventricularpressure,rechtsventrikulärdruck,1
CARDIO_003398,aortography,Aortographie,aortography,aortographie,1
CARDIO_003399,cont,Fortsetzung,cont,fortsetzung,1
CARDIO_003400,lasix,Lasix,lasix,lasix,1
CARDIO_003401,will,wird,will,wird,1
CARDIO_003402,airway,Atemwege,airway,atemwege,1
CARDIO_003403,albuminemic,albuminämisch,albuminemic,albuminämisch,1
CARDIO_003404,CEREBRAL ANGIOGRAPHY,ZEREBRALE ANGIOGRAPHIE,cerebral angiography,zerebrale angiographie,1
CARDIO_003405,ANTERIOR COMMUNICATING ARTERY,VORDERE KOMMUNIKATIONSAERTERIE,anterior communicating artery,vordere kommunikationsaerterie,1
CARDIO_003406,cardiology,Kardiologie,cardiology,kardiologie,1
CARDIO_003407,ischemic,ischämisch,ischemic,ischämisch,1
CARDIO_003408,ependymoma,Ependymom,ependymoma,ependymom,1
CARDIO_003409,interventricular,interventrikulär,interventricular,interventrikulär,1
CARDIO_003410,coronary,koronar,coronary,koronar,1
CARDIO_003411,root,Wurzel,root,wurzel,1
CARDIO_003412,hemi - arch,Hemi-Bogen,hemi - arch,hemi-bogen,2
CARDIO_003413,Left main coronary artery,Linke Hauptkoronararterie,left main coronary artery,linke hauptkoronararterie,1
CARDIO_003414,Triple - vessel,Dreifach-Gefäß,triple - vessel,dreifach-gefäß,1
CARDIO_003415,ascending aorta,aufsteigende Aorta,ascending aorta,aufsteigende aorta,1
CARDIO_003416,Dual - chamber,Zweikammer,dual - chamber,zweikammer,1
CARDIO_003417,MONITORING,ÜBERWACHUNG,monitoring,überwachung,2
CARDIO_003418,Defibrillator,Defibrillator,defibrillator,defibrillator,1
CARDIO_003419,stress testing,Belastungstest,stress testing,belastungstest,2
CARDIO_003420,non - Q myocardial infarction,Nicht-Q-Myokardinfarkt,non - q myocardial infarction,nicht-q-myokardinfarkt,1
CARDIO_003421,cardiac,kardial,cardiac,kardial,1
CARDIO_003422,descending thoracic aortic,absteigende Brustaorta,descending thoracic aortic,absteigende brustaorta,1
CARDIO_003423,antiarrhythmic,Antiarrhythmika,antiarrhythmic,antiarrhythmika,1
CARDIO_003424,cardiorespiratory,kardiorespiratorisch,cardiorespiratory,kardiorespiratorisch,1
CARDIO_003425,Hypertensive,hypertensiv,hypertensive,hypertensiv,1
CARDIO_003426,aortic,aortisch,aortic,aortisch,1
CARDIO_003427,hemiarch,Hemiarch,hemiarch,hemiarch,1
CARDIO_003428,hemiarch replacement,Hemiarch-Ersatz,hemiarch replacement,hemiarch-ersatz,1
CARDIO_003429,RADIAL ARTERY,RADIALARTERIE,radial artery,radialarterie,1
CARDIO_003430,Condition - A,Bedingung – A,condition - a,bedingung – a,1
CARDIO_003431,cryogenic,kryogen,cryogenic,kryogen,1
CARDIO_003432,tissue aortic valve replacement,Gewebe-Aortenklappenersatz,tissue aortic valve replacement,gewebe-aortenklappenersatz,1
CARDIO_003433,pericardectomy,Perikardektomie,pericardectomy,perikardektomie,1
CARDIO_003434,ventricular assist device placement,Implantation eines Herzunterstützungssystems,ventricular assist device placement,implantation eines herzunterstützungssystems,1
CARDIO_003435,non - ischemic cardiomyopathy,nicht-ischämische Kardiomyopathie,non - ischemic cardiomyopathy,nicht-ischämische kardiomyopathie,1
CARDIO_003436,mitral replacement,Mitralklappenersatz,mitral replacement,mitralklappenersatz,1
CARDIO_003437,Tachycardia - bradycardia syndrome,Tachykardie-Bradykardie-Syndrom,tachycardia - bradycardia syndrome,tachykardie-bradykardie-syndrom,1
CARDIO_003438,CARDIOLOGY,KARDIOLOGIE,cardiology,kardiologie,7
CARDIO_003439,CARDIOLOGY,KARDIOLOGIE,cardiology,kardiologie,9
CARDIO_003440,ISCHEMIC CARDIOMYOPATHY,ISCHÄMISCHE KARDIOMYOPATHIE,ischemic cardiomyopathy,ischämische kardiomyopathie,1
CARDIO_003441,ELECTROPHYSIOLOGY STUDY,ELEKTROPHYSIOLOGISCHE UNTERSUCHUNG,electrophysiology study,elektrophysiologische untersuchung,1
CARDIO_003442,AV NODE,AV-Knoten,av node,av-knoten,1
CARDIO_003443,BIVENTRICULAR IMPLANTABLE CARDIOVERTER - DEFIBRILLATOR,BIVENTRIKULÄRER IMPLANTIERBARER KARDIOVERTER-DEFIBRILLATOR,biventricular implantable cardioverter - defibrillator,biventrikulärer implantierbarer kardioverter-defibrillator,1
CARDIO_003444,Myocardial,Myokardial,myocardial,myokardial,1
CARDIO_003445,Amphetamines,Amphetamine,amphetamines,amphetamine,2
CARDIO_003446,ICD-9-CM,ICD-9-CM,icd-9-cm,icd-9-cm,1
CARDIO_003447,Systolic,Systolisch,systolic,systolisch,1
CARDIO_003448,Diastolic BP,Diastolischer Blutdruck,diastolic bp,diastolischer blutdruck,1
CARDIO_003449,b - blocker,b-Blocker,b - blocker,b-blocker,1
CARDIO_003450,cerebral vascular accident,zerebraler vaskulärer Unfall,cerebral vascular accident,zerebraler vaskulärer unfall,1
CARDIO_003451,fibrilation,Flimmern,fibrilation,flimmern,1
CARDIO_003452,TRUNCUS,TRUNCUS,truncus,truncus,1
CARDIO_003453,MITRAL STENOSIS,MITRALSTENOSE,mitral stenosis,mitralstenose,1
CARDIO_003454,Sinus node,Sinusknoten,sinus node,sinusknoten,1
CARDIO_003455,Anasarca,Anasarka,anasarca,anasarka,2
CARDIO_003456,artifactual,artefaktisch,artifactual,artefaktisch,1
CARDIO_003457,CRT,CRT,crt,crt,1
CARDIO_003458,artifacts,Artefakte,artifacts,artefakte,1
CARDIO_003459,TAMPONADE,TAMPONADE,tamponade,tamponade,1
CARDIO_003460,PULMONIC VALVE,Pulmonalklappe,pulmonic valve,pulmonalklappe,2
CARDIO_003461,vascular calcification,Gefäßverkalkung,vascular calcification,gefäßverkalkung,2
CARDIO_003462,microvascular ischemia,mikrovaskuläre Ischämie,microvascular ischemia,mikrovaskuläre ischämie,1
CARDIO_003463,encephalomalacic,enzephalomalazisch,encephalomalacic,enzephalomalazisch,1
CARDIO_003464,condition,Zustand,condition,zustand,1
CARDIO_003465,pericadial,Perikard,pericadial,perikard,1
CARDIO_003466,aortic pressure,Aortendruck,aortic pressure,aortendruck,1
CARDIO_003467,lupus erythematosus,Lupus erythematodes,lupus erythematosus,lupus erythematodes,1
CARDIO_003468,calcified,verkalkte,calcified,verkalkte,1
CARDIO_003469,arteriial,arteriell,arteriial,arteriell,1
CARDIO_003470,sino - tubular,sino – röhrenförmig,sino - tubular,sino – röhrenförmig,1
CARDIO_003471,central sinus echo complex,Echokomplex des zentralen Sinus,central sinus echo complex,echokomplex des zentralen sinus,1
CARDIO_003472,subclavian veins,Subklaviavenen,subclavian veins,subklaviavenen,1
CARDIO_003473,SUBCLAVIAN VEINS,SUBKLAVIENVENEN,subclavian veins,subklavienvenen,1
CARDIO_003474,arches,Zahnbögen,arches,zahnbögen,1
CARDIO_003475,esophagogastric mucosal junction,Ösophagogastrische Schleimhautverbindung,esophagogastric mucosal junction,ösophagogastrische schleimhautverbindung,1
CARDIO_003476,C2 - 3,C2 - 3,c2 - 3,c2 - 3,1
CARDIO_003477,cardioplegic,kardioplegisch,cardioplegic,kardioplegisch,1
CARDIO_003478,internal mammary arteries,innere Brustarterien,internal mammary arteries,innere brustarterien,1
CARDIO_003479,diffusion weighted imaging,Diffusionsgewichtete Bildgebung,diffusion weighted imaging,diffusionsgewichtete bildgebung,1
CARDIO_003480,cerebral artery watershed,Wasserscheide der Hirnarterien,cerebral artery watershed,wasserscheide der hirnarterien,1
CARDIO_003481,POSTERIOR REVERSIBLE ENCEPHALOPATHY SYNDROME,SYNDROM DER POSTERIOREN REVERSIBLEN ENZEPHALOPATHIE,posterior reversible encephalopathy syndrome,syndrom der posterioren reversiblen enzephalopathie,2
CARDIO_003482,PULMONARY ARTERIES,LUNGENARTERIEN,pulmonary arteries,lungenarterien,1
CARDIO_003483,Omni - Flush catheter,Omni-Flush-Katheter,omni - flush catheter,omni-flush-katheter,1
CARDIO_003484,A FIB,Vorhofflimmern,a fib,vorhofflimmern,1
CARDIO_003485,triphasic Doppler,Triphasischer Doppler,triphasic doppler,triphasischer doppler,1
CARDIO_003486,PULMONARY STENOSIS,PULMONALSTENOSE,pulmonary stenosis,pulmonalstenose,1
CARDIO_003487,SECUNDUM,SECUNDUM,secundum,secundum,1
CARDIO_003488,ATRIOSEPTAL,ATRIOSEPTAL,atrioseptal,atrioseptal,1
CARDIO_003489,CAVOATRIAL,CAVOATRIAL,cavoatrial,cavoatrial,1
CARDIO_003490,coronary artery,Koronararterie,coronary artery,koronararterie,1
CARDIO_003491,Off - pump,Off-Pump,off - pump,off-pump,1
CARDIO_003492,obtuse,obtuse,obtuse,obtuse,1
CARDIO_003493,short axis view,Kurzachsenansicht,short axis view,kurzachsenansicht,1
CARDIO_003494,CAVERNOUS CAROTID ARTERY,KAVERNÖSE KAROTISARTERIE,cavernous carotid artery,kavernöse karotisarterie,1
CARDIO_003495,AXILLARY-BIFEMORAL ARTERIAL BYPASS,AXILLAR-BIFEMORALER ARTERIELLER BYPASS,axillary-bifemoral arterial bypass,axillar-bifemoraler arterieller bypass,1
CARDIO_003496,AXILLARY - BIFEMORAL ARTERIAL,AXILLAR - BIFEMORAL,axillary - bifemoral arterial,axillar - bifemoral,1
CARDIO_003497,prosthetic mitral valve,Mitralklappenprothese,prosthetic mitral valve,mitralklappenprothese,1
CARDIO_003498,left ventricular,linksventrikulär,left ventricular,linksventrikulär,1
CARDIO_003499,pulmonary,pulmonal,pulmonary,pulmonal,1
CARDIO_003500,AV FISTULA,AV-FISTEL,av fistula,av-fistel,1
CARDIO_003501,II /,II /,ii /,ii /,1
CARDIO_003502,C1 -,C1 -,c1 -,c1 -,1
CARDIO_003503,NSVT,NSVT,nsvt,nsvt,2
CARDIO_003504,LV,LV,lv,lv,1
CARDIO_003505,systolic,systolisch,systolic,systolisch,1
CARDIO_003506,dysfunction,Funktionsstörung,dysfunction,funktionsstörung,1
CARDIO_003507,HEMODYNAMICALLY,HÄMODYNAMISCH,hemodynamically,hämodynamisch,1
CARDIO_003508,MYOCARDIAL SARCOIDOSIS,MYOKARDIALE SARKOIDOSE,myocardial sarcoidosis,myokardiale sarkoidose,1
CARDIO_003509,CARDIOMYOPATHY,Kardiomyopathie,cardiomyopathy,kardiomyopathie,3
CARDIO_003510,HEPATIC CONGESTION,LEBERSTAUUNG,hepatic congestion,leberstauung,1
CARDIO_003511,TOTRICUSPID REGURGITATION OR SOME OTHER ELEMENT OF RIGHT,TOTRIKUSPIDALER INSUFFIZIENZ ODER EIN ANDERES MERKMAL DER RECHTEN,totricuspid regurgitation or some other element of right,totrikuspidaler insuffizienz oder ein anderes merkmal der rechten,1
CARDIO_003512,PRES,PRES,pres,pres,1
CARDIO_003513,Hyeprtensive,Hypertoniker,hyeprtensive,hypertoniker,1
CARDIO_003514,PHEOCHROMOCYTOMA,Phäochromozytom,pheochromocytoma,phäochromozytom,1
CARDIO_003515,POLYCYSTIC KIDNEY DISEASE,POLYZYSTISCHE NIERENERKRANKUNG,polycystic kidney disease,polyzystische nierenerkrankung,1
CARDIO_003516,axial,axial,axial,axial,1
CARDIO_003517,conus,Conus,conus,conus,1
CARDIO_003518,arterial vasculature,arterielles Gefäßsystem,arterial vasculature,arterielles gefäßsystem,1
CARDIO_003519,TOF,TOF,tof,tof,1
CARDIO_003520,Malignant hypertension,Maligne Hypertonie,malignant hypertension,maligne hypertonie,1
CARDIO_003521,ACTIVASE,ACTIVASE,activase,activase,1
CARDIO_003522,OS,OS,os,os,1
CARDIO_003523,diastole,Diastole,diastole,diastole,1
CARDIO_003524,axial and interlobular,axial und interlobulär,axial and interlobular,axial und interlobulär,1
CARDIO_003525,Brainstem,Hirnstamm,brainstem,hirnstamm,1
CARDIO_003526,TERRITORIAL INFARCT,TERRITORIALER INFARKT,territorial infarct,territorialer infarkt,1
CARDIO_003527,brain - stem,Gehirnstamm,brain - stem,gehirnstamm,1
CARDIO_003528,PULMONARY,PULMONAL,pulmonary,pulmonal,1
CARDIO_003529,MAZE procedure,MAZE-Verfahren,maze procedure,maze-verfahren,1
CARDIO_003530,calcified plaque,verkalkte Plaque,calcified plaque,verkalkte plaque,1
CARDIO_003531,medullary vein,Medulla-Vene,medullary vein,medulla-vene,1
CARDIO_003532,A - Fib,Vorhofflimmern,a - fib,vorhofflimmern,2
CARDIO_003533,CORONARY BYPASS SURGERY,KORONARBYPASS-OPERATION,coronary bypass surgery,koronarbypass-operation,1
CARDIO_003534,arrythmia,Arrhythmie,arrythmia,arrhythmie,1
CARDIO_003535,rhythm strips,Rhythmuskurven,rhythm strips,rhythmuskurven,1
CARDIO_003536,intra - arterially,intra – arteriell,intra - arterially,intra – arteriell,1
CARDIO_003537,catechols,Catechole,catechols,catechole,1
CARDIO_003538,beta - natriuretic,beta-natriuretisch,beta - natriuretic,beta-natriuretisch,1
CARDIO_003539,Coronary Intensive Care Unit,Koronar-Intensivstation,coronary intensive care unit,koronar-intensivstation,1
CARDIO_003540,ST wave MI,ST-Strecken-MI,st wave mi,st-strecken-mi,1
CARDIO_003541,cardio renal,kardiorenale,cardio renal,kardiorenale,1
CARDIO_003542,VENTRICULAR SIZE,VENTRIKULÄRE GRÖSSE,ventricular size,ventrikuläre grösse,1
CARDIO_003543,PAC,PAC,pac,pac,2
CARDIO_003544,Stress,Belastung,stress,belastung,2
CARDIO_003545,splenorenal shunt,Splenorenaler Shunt,splenorenal shunt,splenorenaler shunt,1
CARDIO_003546,Levothyroxin,Levothyroxin,levothyroxin,levothyroxin,1
CARDIO_003547,nonspecific STT,unspezifische STT,nonspecific stt,unspezifische stt,1
CARDIO_003548,PULMONARY ARTERY PRESSURES,DRÜCKE IN DER LUNGENARTERIE,pulmonary artery pressures,drücke in der lungenarterie,1
CARDIO_003549,controlled ventricular response,kontrollierte ventrikuläre Reaktion,controlled ventricular response,kontrollierte ventrikuläre reaktion,1
CARDIO_003550,BASIS,BASIS,basis,basis,1
CARDIO_003551,AVN,AVN,avn,avn,1
CARDIO_003552,cholangiopathy,Cholangiopathie,cholangiopathy,cholangiopathie,1
CARDIO_003553,antihtn,antihtn,antihtn,antihtn,1
CARDIO_003554,antiHTN,antiHTN,antihtn,antihtn,1
CARDIO_003555,NG -,NG -,ng -,ng -,1
CARDIO_003556,fast spin echo,Fast-Spin-Echo,fast spin echo,fast-spin-echo,1
CARDIO_003557,Autonomic dysreflexia,Autonome Dysreflexie,autonomic dysreflexia,autonome dysreflexie,1
CARDIO_003558,controlled ventricular,kontrollierte ventrikuläre,controlled ventricular,kontrollierte ventrikuläre,1
CARDIO_003559,Cardiorenal syndrome,Kardiorenales Syndrom,cardiorenal syndrome,kardiorenales syndrom,1
CARDIO_003560,Accuretic,Accuretic,accuretic,accuretic,1
CARDIO_003561,cavoatrial,kavoatrial,cavoatrial,kavoatrial,1
CARDIO_003562,lotrel,lotrel,lotrel,lotrel,1
CARDIO_003563,pulse,Puls,pulse,puls,1
CARDIO_003564,QAM,QAM,qam,qam,1
CARDIO_003565,Q6H isosorbide,Q6H-Isosorbid,q6h isosorbide,q6h-isosorbid,1
CARDIO_003566,QAM,QAM,qam,qam,1
CARDIO_003567,ER,ER,er,er,1
CARDIO_003568,verapamil,Verapamil,verapamil,verapamil,1
CARDIO_003569,sinus of Valsalva,Sinus Valsalvae,sinus of valsalva,sinus valsalvae,1
CARDIO_003570,atrial fibrilation,Vorhofflimmern,atrial fibrilation,vorhofflimmern,1
CARDIO_003571,hepatic arterial occlusion,Hepatische Arterienokklusion,hepatic arterial occlusion,hepatische arterienokklusion,1
CARDIO_003572,LIsinopril,LIsinopril,lisinopril,lisinopril,1
CARDIO_003573,CAROTID ARTERIES,Halsschlagadern,carotid arteries,halsschlagadern,1
CARDIO_003574,GRADIENT ECHO,GRADIENTEN-ECHO,gradient echo,gradienten-echo,1
CARDIO_003575,ventricles,Herzkammern,ventricles,herzkammern,1
CARDIO_003576,coronary,koronar,coronary,koronar,1
CARDIO_003577,pulmonary venous,pulmonal venös,pulmonary venous,pulmonal venös,1
CARDIO_003578,axial diffusion-weighted imaging,axiale diffusionsgewichtete Bildgebung,axial diffusion-weighted imaging,axiale diffusionsgewichtete bildgebung,1
CARDIO_003579,ARVD,ARVD,arvd,arvd,1
CARDIO_003580,reperfusion syndrome,Reperfusionssyndrom,reperfusion syndrome,reperfusionssyndrom,1
CARDIO_003581,Congestive cardiac,Herzinsuffizienz,congestive cardiac,herzinsuffizienz,1
CARDIO_003582,RIGHT ventricular,RECHTE Herzkammer,right ventricular,rechte herzkammer,1
CARDIO_003583,AV Node,AV-Knoten,av node,av-knoten,1
CARDIO_003584,Dilated cardiomyopathy,Dilatative Kardiomyopathie,dilated cardiomyopathy,dilatative kardiomyopathie,1
CARDIO_003585,Ischemic Bowel Disease,Ischämische Darmerkrankung,ischemic bowel disease,ischämische darmerkrankung,1
CARDIO_003586,Palmar arch,Handflächenbogen,palmar arch,handflächenbogen,1
CARDIO_003587,ARTERIAL VASCULATURE,ARTERIELLES GEFÄSSSYSTEM,arterial vasculature,arterielles gefässsystem,1
CARDIO_003588,innominate artery,Arteria innominata,innominate artery,arteria innominata,1
CARDIO_003589,CHRONIC OBSTRUCTIVE LUNG DISEASE,CHRONISCHE OBSTRUKTIVE LUNGENERKRANKUNG,chronic obstructive lung disease,chronische obstruktive lungenerkrankung,1
CARDIO_003590,perhexiline,Perhexilin,perhexiline,perhexilin,1
CARDIO_003591,calcium channel,Kalziumkanal,calcium channel,kalziumkanal,1
CARDIO_003592,cerebellar,zerebellär,cerebellar,zerebellär,1
CARDIO_003593,TRV,TRV,trv,trv,1
CARDIO_003594,porto - systemic shunting,porto-systemischer Shunt,porto - systemic shunting,porto-systemischer shunt,1
CARDIO_003595,B Blocer,B-Blocker,b blocer,b-blocker,1
CARDIO_003596,AFib,Vorhofflimmern,afib,vorhofflimmern,1
CARDIO_003597,CELIAC,Truncus coeliacus,celiac,truncus coeliacus,1
CARDIO_003598,C3 -,C3 -,c3 -,c3 -,1
CARDIO_003599,anemia,Anämie,anemia,anämie,1
CARDIO_003600,T - shock,T – Schock,t - shock,t – schock,1
CARDIO_003601,TNTC,TNTC,tntc,tntc,1
CARDIO_003602,AV sequentially paced,Sequentielle AV-Stimulation,av sequentially paced,sequentielle av-stimulation,1
CARDIO_003603,RESPIRATORY ARREST,ATEMSTILLSTAND,respiratory arrest,atemstillstand,1
CARDIO_003604,stopped,abgesetzt,stopped,abgesetzt,1
CARDIO_003605,health low sodium,Gesundheit – natriumarm,health low sodium,gesundheit – natriumarm,1
CARDIO_003606,B Blocker,B-Blocker,b blocker,b-blocker,1
CARDIO_003607,incompetent,insuffizient,incompetent,insuffizient,1
CARDIO_003608,intracardia,intrakardial,intracardia,intrakardial,1
CARDIO_003609,of atrial,der Vorhöfe,of atrial,der vorhöfe,1
CARDIO_003610,Troponin,Troponin,troponin,troponin,1
CARDIO_003611,acute,akut,acute,akut,1
CARDIO_003612,Triscuspid regurgitant,Trikuspidalklappeninsuffizienz,triscuspid regurgitant,trikuspidalklappeninsuffizienz,1
CARDIO_003613,Microbubble,Mikrobläschen,microbubble,mikrobläschen,1
CARDIO_003614,ENDOCARDIAL,ENDOKARDIAL,endocardial,endokardial,1
CARDIO_003615,Portal hypertension,Portale Hypertonie,portal hypertension,portale hypertonie,1
CARDIO_003616,bradycardic,bradykardisch,bradycardic,bradykardisch,1
CARDIO_003617,LEFT PULMONARY ARTERY,LINKE LUNGENARTERIE,left pulmonary artery,linke lungenarterie,1
CARDIO_003618,gradient recall echo,Gradienten-Recall-Echo,gradient recall echo,gradienten-recall-echo,1
CARDIO_003619,peripheral stigmata of endocarditis,Periphere Stigmata einer Endokarditis,peripheral stigmata of endocarditis,periphere stigmata einer endokarditis,1
CARDIO_003620,RIGHT ATRIUM,RECHTER VORHOF,right atrium,rechter vorhof,2
CARDIO_003621,dialated cardiomyopathy,dilatative Kardiomyopathie,dialated cardiomyopathy,dilatative kardiomyopathie,1
CARDIO_003622,carotid bulb,Karotisbulbus,carotid bulb,karotisbulbus,1
CARDIO_003623,cavo-atrial junction,cavo-atriale Verbindung,cavo-atrial junction,cavo-atriale verbindung,2
CARDIO_003624,pacemakers,Herzschrittmacher,pacemakers,herzschrittmacher,1
CARDIO_003625,Monitor,Monitor,monitor,monitor,1
CARDIO_003626,PND,PND,pnd,pnd,2
CARDIO_003627,FEMORAL,FEMORAL,femoral,femoral,1
CARDIO_003628,Homocysteine,Homocystein,homocysteine,homocystein,1
CARDIO_003629,tetrology of Fallot,Fallot-Tetralogie,tetrology of fallot,fallot-tetralogie,1
CARDIO_003630,ambient,ambient,ambient,ambient,1
CARDIO_003631,AXIS,AXIS,axis,axis,1
CARDIO_003632,myocardial infarcts,Myokardinfarkte,myocardial infarcts,myokardinfarkte,1
CARDIO_003633,radial arterial line,radialer Arterienkatheter,radial arterial line,radialer arterienkatheter,1
CARDIO_003634,"EARS , NOSE , AND THROAT","OHREN, NASE UND HALS","ears , nose , and throat","ohren, nase und hals",1
